<CompuCell3D Revision="20210612" Version="4.2.5">
   
   <Metadata>
      
      <!-- Basic properties simulation -->
      <NumberOfProcessors>8</NumberOfProcessors>
      <DebugOutputFrequency>10</DebugOutputFrequency>
      <!-- <NonParallelModule Name="Potts"/> -->
   </Metadata>
   
   <Potts>
      
      <!-- Basic properties of CPM (GGH) algorithm -->
      <Dimensions x="500" y="500" z="1"/>
      <Steps>1000001</Steps>
      <Temperature>100.0</Temperature>
      <NeighborOrder>1</NeighborOrder>
      <Boundary_y>Periodic</Boundary_y>
      <Boundary_x>Periodic</Boundary_x>
   </Potts>
   
   <Plugin Name="CellType">
      
      <!-- Listing all cell types in the simulation -->
      <CellType TypeId="0" TypeName="Medium"/>
      <CellType Freeze="" TypeId="1" TypeName="endothelial"/>
      <CellType TypeId="2" TypeName="neutrophil"/>
      <CellType TypeId="3" TypeName="monocyte"/>
      <CellType TypeId="4" TypeName="fibroblast"/>
      <CellType TypeId="5" TypeName="neutrophila"/>
      <CellType TypeId="6" TypeName="neutrophilndn"/>
      <CellType TypeId="7" TypeName="monocyter"/>
      <CellType TypeId="8" TypeName="macrophage1"/>
      <CellType TypeId="9" TypeName="macrophage2"/>
      <CellType TypeId="10" TypeName="myofibroblast"/>
      
   </Plugin>
   
   <Plugin Name="CenterOfMass">
      
      <!-- Module tracking center of mass of each cell -->
   </Plugin>
   
   <Plugin Name="PixelTracker">
      
      <!-- Module tracking pixels of each cell -->
   </Plugin>
   
    <Plugin Name="Contact">
      <!-- Specification of adhesion energies -->
      <Energy Type1="Medium" Type2="Medium">10.0</Energy>
      <Energy Type1="Medium" Type2="endothelial">10.0</Energy>
      <Energy Type1="Medium" Type2="neutrophil">10.0</Energy>
      <Energy Type1="Medium" Type2="monocyte">10.0</Energy>
      <Energy Type1="Medium" Type2="fibroblast">10.0</Energy>
      <Energy Type1="Medium" Type2="neutrophila">10.0</Energy>
      <Energy Type1="Medium" Type2="neutrophilndn">10.0</Energy>
      <Energy Type1="Medium" Type2="monocyter">10.0</Energy>
      <Energy Type1="Medium" Type2="macrophage1">10.0</Energy>
      <Energy Type1="Medium" Type2="macrophage2">10.0</Energy>
      <Energy Type1="Medium" Type2="myofibroblast">10.0</Energy>
      <Energy Type1="endothelial" Type2="endothelial">100.0</Energy>
      <Energy Type1="endothelial" Type2="neutrophil">100.0</Energy>
      <Energy Type1="endothelial" Type2="monocyte">100.0</Energy>
      <Energy Type1="endothelial" Type2="fibroblast">100.0</Energy>
      <Energy Type1="endothelial" Type2="neutrophila">100.0</Energy>
      <Energy Type1="endothelial" Type2="neutrophilndn">100.0</Energy>
      <Energy Type1="endothelial" Type2="monocyter">100.0</Energy>
      <Energy Type1="endothelial" Type2="macrophage1">100.0</Energy>
      <Energy Type1="endothelial" Type2="macrophage2">100.0</Energy>
      <Energy Type1="endothelial" Type2="myofibroblast">100.0</Energy>
      <Energy Type1="neutrophil" Type2="neutrophil">100.0</Energy>
      <Energy Type1="neutrophil" Type2="monocyte">100.0</Energy>
      <Energy Type1="neutrophil" Type2="fibroblast">100.0</Energy>
      <Energy Type1="neutrophil" Type2="neutrophila">100.0</Energy>
      <Energy Type1="neutrophil" Type2="neutrophilndn">100.0</Energy>
      <Energy Type1="neutrophil" Type2="monocyter">100.0</Energy>
      <Energy Type1="neutrophil" Type2="macrophage1">100.0</Energy>
      <Energy Type1="neutrophil" Type2="macrophage2">100.0</Energy>
      <Energy Type1="neutrophil" Type2="myofibroblast">100.0</Energy>
      <Energy Type1="monocyte" Type2="monocyte">100.0</Energy>
      <Energy Type1="monocyte" Type2="fibroblast">100.0</Energy>
      <Energy Type1="monocyte" Type2="neutrophila">100.0</Energy>
      <Energy Type1="monocyte" Type2="neutrophilndn">100.0</Energy>
      <Energy Type1="monocyte" Type2="monocyter">100.0</Energy>
      <Energy Type1="monocyte" Type2="macrophage1">100.0</Energy>
      <Energy Type1="monocyte" Type2="macrophage2">100.0</Energy>
      <Energy Type1="monocyte" Type2="myofibroblast">100.0</Energy>
      <Energy Type1="fibroblast" Type2="fibroblast">100.0</Energy>
      <Energy Type1="fibroblast" Type2="neutrophila">100.0</Energy>
      <Energy Type1="fibroblast" Type2="neutrophilndn">100.0</Energy>
      <Energy Type1="fibroblast" Type2="monocyter">100.0</Energy>
      <Energy Type1="fibroblast" Type2="macrophage1">100.0</Energy>
      <Energy Type1="fibroblast" Type2="macrophage2">100.0</Energy>
      <Energy Type1="fibroblast" Type2="myofibroblast">100.0</Energy>
      <Energy Type1="neutrophila" Type2="neutrophila">100.0</Energy>
      <Energy Type1="neutrophila" Type2="neutrophilndn">100.0</Energy>
      <Energy Type1="neutrophila" Type2="monocyter">100.0</Energy>
      <Energy Type1="neutrophila" Type2="macrophage1">100.0</Energy>
      <Energy Type1="neutrophila" Type2="macrophage2">100.0</Energy>
      <Energy Type1="neutrophila" Type2="myofibroblast">100.0</Energy>
      <Energy Type1="neutrophilndn" Type2="neutrophilndn">100.0</Energy>
      <Energy Type1="neutrophilndn" Type2="monocyter">100.0</Energy>
      <Energy Type1="neutrophilndn" Type2="macrophage1">100.0</Energy>
      <Energy Type1="neutrophilndn" Type2="macrophage2">100.0</Energy>
      <Energy Type1="neutrophilndn" Type2="myofibroblast">100.0</Energy>
      <Energy Type1="monocyter" Type2="monocyter">100.0</Energy>
      <Energy Type1="monocyter" Type2="macrophage1">100.0</Energy>
      <Energy Type1="monocyter" Type2="macrophage2">100.0</Energy>
      <Energy Type1="monocyter" Type2="myofibroblast">100.0</Energy>
      <Energy Type1="macrophage1" Type2="macrophage1">100.0</Energy>
      <Energy Type1="macrophage1" Type2="macrophage2">100.0</Energy>
      <Energy Type1="macrophage1" Type2="myofibroblast">100.0</Energy>
      <Energy Type1="macrophage2" Type2="macrophage2">100.0</Energy>
      <Energy Type1="macrophage2" Type2="myofibroblast">100.0</Energy>
      <Energy Type1="myofibroblast" Type2="myofibroblast">100.0</Energy>
      <NeighborOrder>4</NeighborOrder>
   </Plugin>
   
   <Plugin Name="Connectivity">
        <Penalty>10000000</Penalty>
   </Plugin>

   <Steppable Type="DiffusionSolverFE">      
      <DiffusionField Name="cytokine">
         <DiffusionData>
            <FieldName>cytokine</FieldName>
            <GlobalDiffusionConstant>0.0</GlobalDiffusionConstant>
            <GlobalDecayConstant>0</GlobalDecayConstant>
         </DiffusionData>         
      </DiffusionField>
   </Steppable>
    <Plugin Name="Chemotaxis">
      <ChemicalField Name="cytokine"></ChemicalField>
   </Plugin>
   
</CompuCell3D>
