Index,MCS,Memory (MB)
0,0,1260.81640625
0,10000,1589.1171875
0,20000,1962.69140625
0,30000,2427.3046875
0,40000,2482.68359375
0,50000,2482.68359375
0,60000,2453.41015625
0,70000,2453.41015625
0,80000,2453.41015625
0,90000,2502.02734375
0,100000,2502.02734375
0,110000,2502.02734375
0,120000,2454.484375
0,130000,2454.484375
0,140000,2454.484375
0,150000,2454.484375
0,160000,2454.484375
0,170000,2454.484375
0,180000,2454.484375
0,190000,2454.484375
0,200000,2454.484375
0,210000,2454.484375
0,220000,2469.1953125
0,230000,2469.1953125
0,240000,2469.1953125
0,250000,2469.1953125
0,260000,2471.11328125
0,270000,2501.70703125
0,280000,2501.70703125
0,290000,2471.30859375
0,300000,2471.30859375
0,310000,2471.30859375
0,320000,2563.40234375
0,330000,2563.40234375
0,340000,2563.40234375
0,350000,2478.08203125
0,360000,2478.08203125
0,370000,2478.08203125
0,380000,2478.08203125
0,390000,2479.09765625
0,400000,2479.09765625
0,410000,2479.09765625
0,420000,2479.09765625
0,430000,2479.09765625
0,440000,2479.09765625
0,450000,2479.09765625
0,460000,2479.09765625
0,470000,2479.09765625
0,480000,2479.09765625
0,490000,2480.08984375
0,500000,2509.87109375
0,510000,2509.87109375
0,520000,2479.42578125
0,530000,2479.42578125
0,540000,2479.42578125
0,550000,2568.71484375
0,560000,2568.71484375
0,570000,2548.26953125
0,580000,2548.26953125
0,590000,2548.26953125
0,600000,2577.74609375
0,610000,2577.74609375
0,620000,2577.74609375
0,630000,2538.19140625
0,640000,2538.19140625
0,650000,2538.19140625
0,660000,2538.19140625
0,670000,2538.19140625
0,680000,2539.19140625
0,690000,2539.19140625
0,700000,2539.19140625
0,710000,2539.19140625
0,720000,2539.19140625
0,730000,2539.19140625
0,740000,2539.19140625
0,750000,2539.19140625
0,760000,2539.19140625
0,770000,2539.19140625
0,780000,2540.0390625
0,790000,2540.0390625
0,800000,2540.0390625
0,810000,2540.0390625
0,820000,2540.0390625
0,830000,2541.0390625
0,840000,2541.0390625
0,850000,2541.0390625
0,860000,2541.0390625
0,870000,2541.0390625
0,880000,2541.0390625
0,890000,2541.0390625
0,900000,2541.0390625
0,910000,2541.0390625
0,920000,2541.0390625
0,930000,2541.0390625
0,940000,2544.0390625
0,950000,2544.0390625
0,960000,2544.0390625
0,970000,2544.0390625
0,980000,2544.0390625
0,990000,2544.0390625
0,1000000,2544.0390625
1,0,1260.22265625
1,10000,1578.99609375
1,20000,1973.08984375
1,30000,2427.77734375
1,40000,2475.26953125
1,50000,2475.26953125
1,60000,2446.05859375
1,70000,2446.05859375
1,80000,2446.05859375
1,90000,2493.8359375
1,100000,2493.8359375
1,110000,2493.8359375
1,120000,2416.265625
1,130000,2416.265625
1,140000,2416.265625
1,150000,2416.265625
1,160000,2431.54296875
1,170000,2431.54296875
1,180000,2431.54296875
1,190000,2431.54296875
1,200000,2431.54296875
1,210000,2431.54296875
1,220000,2416.30078125
1,230000,2416.30078125
1,240000,2416.30078125
1,250000,2416.30078125
1,260000,2431.5625
1,270000,2494.78515625
1,280000,2494.78515625
1,290000,2463.41015625
1,300000,2463.41015625
1,310000,2463.21484375
1,320000,2543.76171875
1,330000,2543.76171875
1,340000,2502.6171875
1,350000,2502.6171875
1,360000,2502.6171875
1,370000,2574.3828125
1,380000,2574.3828125
1,390000,2574.3828125
1,400000,2542.05859375
1,410000,2542.05859375
1,420000,2543.05859375
1,430000,2543.05859375
1,440000,2543.05859375
1,450000,2543.05859375
1,460000,2543.05859375
1,470000,2543.05859375
1,480000,2543.05859375
1,490000,2543.05859375
1,500000,2543.05859375
1,510000,2543.05859375
1,520000,2543.05859375
1,530000,2543.05859375
1,540000,2543.05859375
1,550000,2558.23046875
1,560000,2558.23046875
1,570000,2558.23046875
1,580000,2558.23046875
1,590000,2558.23046875
1,600000,2558.8359375
1,610000,2558.8359375
1,620000,2558.8359375
1,630000,2558.8359375
1,640000,2558.8359375
1,650000,2558.8359375
1,660000,2558.8359375
1,670000,2558.8359375
1,680000,2558.8359375
1,690000,2558.8359375
1,700000,2558.8359375
1,710000,2558.8359375
1,720000,2558.8359375
1,730000,2560.8359375
1,740000,2561.8359375
1,750000,2561.8359375
1,760000,2561.8359375
1,770000,2561.8359375
1,780000,2561.8515625
1,790000,2561.63671875
1,800000,2562.21484375
1,810000,2562.21484375
1,820000,2562.21484375
1,830000,2546.98046875
1,840000,2546.98046875
1,850000,2546.98046875
1,860000,2546.98046875
1,870000,2546.98046875
1,880000,2546.98046875
1,890000,2546.98046875
1,900000,2546.98046875
1,910000,2546.98046875
1,920000,2546.98046875
1,930000,2546.98046875
1,940000,2546.98046875
1,950000,2546.98046875
1,960000,2546.98046875
1,970000,2546.98046875
1,980000,2546.98046875
1,990000,2546.98046875
1,1000000,2546.98046875
2,0,1330.671875
2,10000,1598.12109375
2,20000,2007.43359375
2,30000,2456.78125
2,40000,2507.1640625
2,50000,2507.1640625
2,60000,2476.27734375
2,70000,2476.27734375
2,80000,2508.6484375
2,90000,2577.09375
2,100000,2577.09375
2,110000,2546.6484375
2,120000,2546.6484375
2,130000,2546.6484375
2,140000,2652.171875
2,150000,2652.171875
2,160000,2661.171875
2,170000,2531.5234375
2,180000,2531.5234375
2,190000,2531.5234375
2,200000,2531.5234375
2,210000,2531.5234375
2,220000,2531.5234375
2,230000,2531.5234375
2,240000,2531.5234375
2,250000,2531.5234375
2,260000,2531.5234375
2,270000,2531.5234375
2,280000,2531.5234375
2,290000,2531.5234375
2,300000,2531.5234375
2,310000,2531.9765625
2,320000,2547.12109375
2,330000,2547.12109375
2,340000,2547.12109375
2,350000,2547.12109375
2,360000,2547.12109375
2,370000,2594.91015625
2,380000,2594.91015625
2,390000,2563.5703125
2,400000,2563.5703125
2,410000,2563.578125
2,420000,2637.4375
2,430000,2617.3515625
2,440000,2564.39453125
2,450000,2564.39453125
2,460000,2542.5078125
2,470000,2542.5078125
2,480000,2542.5078125
2,490000,2542.5078125
2,500000,2542.5078125
2,510000,2542.5078125
2,520000,2542.5078125
2,530000,2542.5078125
2,540000,2542.5078125
2,550000,2542.5078125
2,560000,2542.5078125
2,570000,2542.5078125
2,580000,2542.5078125
2,590000,2542.5078125
2,600000,2542.5078125
2,610000,2542.5078125
2,620000,2542.5078125
2,630000,2542.5078125
2,640000,2542.5078125
2,650000,2580.73828125
2,660000,2580.73828125
2,670000,2580.73828125
2,680000,2542.640625
2,690000,2542.640625
2,700000,2542.640625
2,710000,2542.640625
2,720000,2542.640625
2,730000,2542.640625
2,740000,2542.640625
2,750000,2542.640625
2,760000,2542.640625
2,770000,2542.640625
2,780000,2542.640625
2,790000,2542.640625
2,800000,2542.640625
2,810000,2542.640625
2,820000,2542.640625
2,830000,2542.640625
2,840000,2542.640625
2,850000,2542.640625
2,860000,2542.640625
2,870000,2542.640625
2,880000,2542.64453125
2,890000,2542.64453125
2,900000,2542.64453125
2,910000,2542.64453125
2,920000,2542.64453125
2,930000,2591.390625
2,940000,2591.390625
2,950000,2591.390625
2,960000,2559.515625
2,970000,2559.515625
2,980000,2559.515625
2,990000,2559.515625
2,1000000,2559.515625
3,0,1248.6328125
3,10000,1684.17578125
3,20000,1684.17578125
3,30000,1953.40234375
3,40000,2080.390625
3,50000,2080.390625
3,60000,2398.07421875
3,70000,2398.07421875
3,80000,2398.07421875
3,90000,2398.07421875
3,100000,2398.07421875
3,110000,2398.07421875
3,120000,2416.546875
3,130000,2416.546875
3,140000,2370.8671875
3,150000,2370.8671875
3,160000,2415.79296875
3,170000,2473.015625
3,180000,2473.015625
3,190000,2473.015625
3,200000,2473.015625
3,210000,2473.015625
3,220000,2499.1171875
3,230000,2499.1171875
3,240000,2499.1171875
3,250000,2415.234375
3,260000,2415.234375
3,270000,2369.41015625
3,280000,2369.41015625
3,290000,2399.33984375
3,300000,2399.33984375
3,310000,2399.33984375
3,320000,2399.33984375
3,330000,2399.33984375
3,340000,2400.33984375
3,350000,2451.578125
3,360000,2451.578125
3,370000,2408.296875
3,380000,2408.296875
3,390000,2408.296875
3,400000,2423.12109375
3,410000,2423.12109375
3,420000,2423.12109375
3,430000,2423.12109375
3,440000,2430.12109375
3,450000,2471.453125
3,460000,2471.453125
3,470000,2399.765625
3,480000,2399.765625
3,490000,2399.765625
3,500000,2510.25390625
3,510000,2510.25390625
3,520000,2469.31640625
3,530000,2469.31640625
3,540000,2469.31640625
3,550000,2568.95703125
3,560000,2568.95703125
3,570000,2568.95703125
3,580000,2568.95703125
3,590000,2568.95703125
3,600000,2527.24609375
3,610000,2527.24609375
3,620000,2527.24609375
3,630000,2409.80859375
3,640000,2409.80859375
3,650000,2409.80859375
3,660000,2409.80859375
3,670000,2416.796875
3,680000,2462.5625
3,690000,2462.5625
3,700000,2424.5234375
3,710000,2424.5234375
3,720000,2443.6171875
3,730000,2493.2109375
3,740000,2493.2109375
3,750000,2493.2109375
3,760000,2493.2109375
3,770000,2493.2109375
3,780000,2561.0859375
3,790000,2561.0859375
3,800000,2561.0859375
3,810000,2463.59375
3,820000,2463.59375
3,830000,2463.59375
3,840000,2463.59375
3,850000,2463.59375
3,860000,2425.37890625
3,870000,2425.37890625
3,880000,2425.37890625
3,890000,2425.37890625
3,900000,2470.921875
3,910000,2481.921875
3,920000,2481.921875
3,930000,2481.921875
3,940000,2481.921875
3,950000,2481.921875
3,960000,2440.6796875
3,970000,2440.6796875
3,980000,2440.6796875
3,990000,2440.6796875
3,1000000,2443.84765625
4,0,1251.8515625
4,10000,1708.01953125
4,20000,1708.01953125
4,30000,1964.19140625
4,40000,2087.12109375
4,50000,2087.12109375
4,60000,2412.92578125
4,70000,2412.92578125
4,80000,2412.92578125
4,90000,2412.92578125
4,100000,2412.92578125
4,110000,2412.92578125
4,120000,2431.38671875
4,130000,2431.38671875
4,140000,2393.36328125
4,150000,2393.36328125
4,160000,2431.30078125
4,170000,2473.30078125
4,180000,2473.30078125
4,190000,2473.30078125
4,200000,2473.30078125
4,210000,2473.30078125
4,220000,2492.30078125
4,230000,2492.30078125
4,240000,2492.30078125
4,250000,2413.14453125
4,260000,2413.14453125
4,270000,2413.14453125
4,280000,2413.14453125
4,290000,2428.17578125
4,300000,2428.17578125
4,310000,2428.17578125
4,320000,2428.17578125
4,330000,2428.17578125
4,340000,2432.17578125
4,350000,2479.625
4,360000,2479.625
4,370000,2386.703125
4,380000,2386.703125
4,390000,2405.15234375
4,400000,2454.4296875
4,410000,2454.4296875
4,420000,2416.7890625
4,430000,2416.7890625
4,440000,2447.04296875
4,450000,2511.69921875
4,460000,2511.69921875
4,470000,2473.60546875
4,480000,2473.60546875
4,490000,2473.60546875
4,500000,2580.734375
4,510000,2580.734375
4,520000,2580.734375
4,530000,2466.5703125
4,540000,2466.5703125
4,550000,2387.26171875
4,560000,2387.26171875
4,570000,2443.70703125
4,580000,2443.70703125
4,590000,2443.70703125
4,600000,2443.70703125
4,610000,2443.70703125
4,620000,2451.34375
4,630000,2492.51953125
4,640000,2492.51953125
4,650000,2418.0234375
4,660000,2418.0234375
4,670000,2418.0234375
4,680000,2477.95703125
4,690000,2477.95703125
4,700000,2440.546875
4,710000,2440.546875
4,720000,2440.546875
4,730000,2501.14453125
4,740000,2501.14453125
4,750000,2438.703125
4,760000,2438.703125
4,770000,2438.703125
4,780000,2519.66015625
4,790000,2519.66015625
4,800000,2477.484375
4,810000,2477.484375
4,820000,2477.484375
4,830000,2584.37890625
4,840000,2584.37890625
4,850000,2584.37890625
4,860000,2584.37890625
4,870000,2584.37890625
4,880000,2420.4609375
4,890000,2420.4609375
4,900000,2445.91796875
4,910000,2445.27734375
4,920000,2445.27734375
4,930000,2445.27734375
4,940000,2445.27734375
4,950000,2445.27734375
4,960000,2482.9375
4,970000,2482.9375
4,980000,2446.15625
4,990000,2446.15625
4,1000000,2460.4609375
5,0,1311.109375
5,10000,1755.8671875
5,20000,1755.8671875
5,30000,1988.390625
5,40000,2126.40625
5,50000,2126.40625
5,60000,2469.3046875
5,70000,2469.3046875
5,80000,2469.3046875
5,90000,2365.4453125
5,100000,2365.4453125
5,110000,2406.51953125
5,120000,2440.54296875
5,130000,2440.54296875
5,140000,2372.14453125
5,150000,2372.14453125
5,160000,2470.55859375
5,170000,2527.796875
5,180000,2527.796875
5,190000,2489.9609375
5,200000,2489.9609375
5,210000,2489.9609375
5,220000,2570.0703125
5,230000,2570.0703125
5,240000,2570.0703125
5,250000,2528.359375
5,260000,2528.359375
5,270000,2528.359375
5,280000,2528.359375
5,290000,2528.359375
5,300000,2528.359375
5,310000,2528.359375
5,320000,2528.359375
5,330000,2528.359375
5,340000,2528.359375
5,350000,2497.7578125
5,360000,2497.7578125
5,370000,2497.7578125
5,380000,2497.7578125
5,390000,2497.7578125
5,400000,2497.7578125
5,410000,2497.7578125
5,420000,2497.7578125
5,430000,2497.7578125
5,440000,2497.7578125
5,450000,2516.86328125
5,460000,2516.86328125
5,470000,2516.86328125
5,480000,2516.86328125
5,490000,2516.86328125
5,500000,2551.30859375
5,510000,2551.30859375
5,520000,2513.7734375
5,530000,2513.7734375
5,540000,2513.7734375
5,550000,2639.10546875
5,560000,2639.10546875
5,570000,2639.10546875
5,580000,2482.48828125
5,590000,2482.48828125
5,600000,2482.48828125
5,610000,2482.48828125
5,620000,2497.39453125
5,630000,2497.39453125
5,640000,2497.39453125
5,650000,2497.39453125
5,660000,2497.39453125
5,670000,2500.890625
5,680000,2542.59765625
5,690000,2542.59765625
5,700000,2481.984375
5,710000,2481.984375
5,720000,2481.984375
5,730000,2519.875
5,740000,2519.875
5,750000,2482.421875
5,760000,2482.421875
5,770000,2512.41796875
5,780000,2557.125
5,790000,2557.125
5,800000,2481.4140625
5,810000,2481.4140625
5,820000,2481.4140625
5,830000,2637.32421875
5,840000,2638.32421875
5,850000,2638.32421875
5,860000,2481.69921875
5,870000,2481.69921875
5,880000,2481.69921875
5,890000,2481.69921875
5,900000,2515.328125
5,910000,2515.328125
5,920000,2515.328125
5,930000,2515.328125
5,940000,2515.328125
5,950000,2515.328125
5,960000,2553.64453125
5,970000,2553.64453125
5,980000,2485.3984375
5,990000,2485.3984375
5,1000000,2485.3984375
6,0,1324.41796875
6,10000,1770.4296875
6,20000,1770.4296875
6,30000,2030.796875
6,40000,2157.1328125
6,50000,2157.1328125
6,60000,2482.6875
6,70000,2482.6875
6,80000,2482.6875
6,90000,2482.6875
6,100000,2482.6875
6,110000,2482.6875
6,120000,2491.30078125
6,130000,2491.30078125
6,140000,2453.16015625
6,150000,2453.16015625
6,160000,2490.62109375
6,170000,2555.1015625
6,180000,2555.1015625
6,190000,2555.1015625
6,200000,2555.1015625
6,210000,2555.1015625
6,220000,2581.24609375
6,230000,2581.24609375
6,240000,2581.24609375
6,250000,2540.34375
6,260000,2540.34375
6,270000,2501.21484375
6,280000,2501.21484375
6,290000,2523.3671875
6,300000,2523.3671875
6,310000,2523.3671875
6,320000,2523.3671875
6,330000,2523.3671875
6,340000,2523.3671875
6,350000,2543.76953125
6,360000,2543.76953125
6,370000,2475.75
6,380000,2475.75
6,390000,2475.75
6,400000,2513.8125
6,410000,2513.8125
6,420000,2475.7890625
6,430000,2475.7890625
6,440000,2513.83203125
6,450000,2570.18359375
6,460000,2570.18359375
6,470000,2486.2578125
6,480000,2486.2578125
6,490000,2512.8359375
6,500000,2577.16796875
6,510000,2577.16796875
6,520000,2577.16796875
6,530000,2577.16796875
6,540000,2577.16796875
6,550000,2645.7734375
6,560000,2645.7734375
6,570000,2645.7734375
6,580000,2542.75
6,590000,2542.75
6,600000,2542.75
6,610000,2542.75
6,620000,2542.75
6,630000,2542.75
6,640000,2542.75
6,650000,2542.75
6,660000,2542.75
6,670000,2542.75
6,680000,2569.68359375
6,690000,2569.68359375
6,700000,2531.59375
6,710000,2531.59375
6,720000,2531.59375
6,730000,2537.34375
6,740000,2537.34375
6,750000,2537.34375
6,760000,2537.34375
6,770000,2537.34375
6,780000,2590.5625
6,790000,2590.5625
6,800000,2553.59765625
6,810000,2553.59765625
6,820000,2553.59765625
6,830000,2653.15625
6,840000,2653.15625
6,850000,2653.15625
6,860000,2523.8125
6,870000,2523.8125
6,880000,2523.8125
6,890000,2523.8125
6,900000,2538.9140625
6,910000,2538.9140625
6,920000,2538.9140625
6,930000,2538.9140625
6,940000,2538.9140625
6,950000,2538.9140625
6,960000,2577.125
6,970000,2577.125
6,980000,2531.40234375
6,990000,2531.40234375
6,1000000,2531.40234375
7,0,1210.12109375
7,10000,1691.71875
7,20000,1691.71875
7,30000,1929.40234375
7,40000,2048.42578125
7,50000,2048.42578125
7,60000,2376.6015625
7,70000,2376.6015625
7,80000,2376.6015625
7,90000,2376.6015625
7,100000,2376.6015625
7,110000,2376.6015625
7,120000,2380.75390625
7,130000,2380.75390625
7,140000,2380.75390625
7,150000,2380.75390625
7,160000,2391.45703125
7,170000,2455.91796875
7,180000,2455.91796875
7,190000,2364.3203125
7,200000,2364.3203125
7,210000,2364.3203125
7,220000,2497.4765625
7,230000,2497.4765625
7,240000,2497.4765625
7,250000,2456.28125
7,260000,2456.28125
7,270000,2364.55078125
7,280000,2364.55078125
7,290000,2394.33203125
7,300000,2394.33203125
7,310000,2394.33203125
7,320000,2394.33203125
7,330000,2394.33203125
7,340000,2394.33203125
7,350000,2432.12890625
7,360000,2432.12890625
7,370000,2363.94140625
7,380000,2363.94140625
7,390000,2363.94140625
7,400000,2409.046875
7,410000,2409.046875
7,420000,2363.27734375
7,430000,2363.27734375
7,440000,2397.06640625
7,450000,2444.18359375
7,460000,2444.18359375
7,470000,2369.81640625
7,480000,2369.81640625
7,490000,2369.81640625
7,500000,2487.95703125
7,510000,2487.95703125
7,520000,2446.2734375
7,530000,2446.2734375
7,540000,2446.2734375
7,550000,2522.6484375
7,560000,2522.6484375
7,570000,2522.6484375
7,580000,2522.6484375
7,590000,2522.6484375
7,600000,2362.765625
7,610000,2362.765625
7,620000,2427.546875
7,630000,2438.52734375
7,640000,2438.52734375
7,650000,2401.63671875
7,660000,2401.63671875
7,670000,2401.63671875
7,680000,2423.171875
7,690000,2423.171875
7,700000,2423.171875
7,710000,2423.171875
7,720000,2423.171875
7,730000,2480.5
7,740000,2480.5
7,750000,2480.5
7,760000,2480.5
7,770000,2480.5
7,780000,2553.6484375
7,790000,2553.6484375
7,800000,2553.6484375
7,810000,2450.50390625
7,820000,2450.50390625
7,830000,2450.50390625
7,840000,2450.50390625
7,850000,2450.50390625
7,860000,2450.50390625
7,870000,2450.50390625
7,880000,2450.50390625
7,890000,2450.50390625
7,900000,2450.50390625
7,910000,2484.41015625
7,920000,2484.41015625
7,930000,2446.7265625
7,940000,2446.7265625
7,950000,2446.7265625
7,960000,2446.7265625
7,970000,2446.7265625
7,980000,2447.7265625
7,990000,2447.7265625
7,1000000,2447.7265625
8,0,1259.8828125
8,10000,1689.37109375
8,20000,1689.37109375
8,30000,1947.8515625
8,40000,2081.80078125
8,50000,2081.80078125
8,60000,2418.0
8,70000,2428.96875
8,80000,2428.96875
8,90000,2390.99609375
8,100000,2390.99609375
8,110000,2390.99609375
8,120000,2428.45703125
8,130000,2428.45703125
8,140000,2390.47265625
8,150000,2390.47265625
8,160000,2421.00390625
8,170000,2485.0078125
8,180000,2485.0078125
8,190000,2485.0078125
8,200000,2485.0078125
8,210000,2485.0078125
8,220000,2510.2734375
8,230000,2510.2734375
8,240000,2510.2734375
8,250000,2468.453125
8,260000,2468.453125
8,270000,2420.6796875
8,280000,2420.6796875
8,290000,2420.6796875
8,300000,2420.6796875
8,310000,2420.6796875
8,320000,2420.6796875
8,330000,2420.6796875
8,340000,2427.59375
8,350000,2454.03125
8,360000,2454.03125
8,370000,2416.3125
8,380000,2416.3125
8,390000,2416.3125
8,400000,2464.99609375
8,410000,2464.99609375
8,420000,2388.79296875
8,430000,2388.79296875
8,440000,2419.64453125
8,450000,2464.11328125
8,460000,2464.11328125
8,470000,2395.4609375
8,480000,2395.4609375
8,490000,2434.01171875
8,500000,2482.15234375
8,510000,2482.15234375
8,520000,2482.15234375
8,530000,2482.15234375
8,540000,2482.15234375
8,550000,2542.27734375
8,560000,2542.27734375
8,570000,2542.27734375
8,580000,2450.19921875
8,590000,2450.19921875
8,600000,2450.19921875
8,610000,2450.19921875
8,620000,2450.19921875
8,630000,2386.2265625
8,640000,2386.2265625
8,650000,2386.2265625
8,660000,2386.2265625
8,670000,2431.7265625
8,680000,2472.8984375
8,690000,2472.8984375
8,700000,2436.0546875
8,710000,2436.0546875
8,720000,2436.0546875
8,730000,2450.95703125
8,740000,2450.95703125
8,750000,2405.59375
8,760000,2406.59375
8,770000,2436.9765625
8,780000,2475.12890625
8,790000,2475.12890625
8,800000,2475.12890625
8,810000,2475.12890625
8,820000,2475.12890625
8,830000,2555.3203125
8,840000,2555.3203125
8,850000,2555.3203125
8,860000,2445.21875
8,870000,2445.21875
8,880000,2445.21875
8,890000,2445.21875
8,900000,2456.37109375
8,910000,2456.37109375
8,920000,2456.37109375
8,930000,2456.37109375
8,940000,2456.37109375
8,950000,2456.37109375
8,960000,2480.16015625
8,970000,2480.16015625
8,980000,2415.3203125
8,990000,2415.3203125
8,1000000,2415.3203125
9,0,1235.890625
9,10000,1682.1640625
9,20000,1682.1640625
9,30000,1919.765625
9,40000,2074.203125
9,50000,2074.203125
9,60000,2376.76953125
9,70000,2388.39453125
9,80000,2388.39453125
9,90000,2259.1328125
9,100000,2259.1328125
9,110000,2339.15234375
9,120000,2404.0703125
9,130000,2404.0703125
9,140000,2313.3359375
9,150000,2313.3359375
9,160000,2403.75
9,170000,2461.1796875
9,180000,2461.1796875
9,190000,2423.08203125
9,200000,2423.08203125
9,210000,2423.08203125
9,220000,2479.50390625
9,230000,2479.50390625
9,240000,2479.50390625
9,250000,2438.953125
9,260000,2438.953125
9,270000,2398.82421875
9,280000,2398.82421875
9,290000,2412.3984375
9,300000,2412.3984375
9,310000,2354.98828125
9,320000,2354.98828125
9,330000,2354.98828125
9,340000,2410.40625
9,350000,2447.67578125
9,360000,2447.67578125
9,370000,2406.6953125
9,380000,2406.6953125
9,390000,2406.6953125
9,400000,2407.6953125
9,410000,2407.6953125
9,420000,2407.6953125
9,430000,2407.6953125
9,440000,2411.63671875
9,450000,2461.7890625
9,460000,2461.7890625
9,470000,2376.875
9,480000,2376.875
9,490000,2421.9375
9,500000,2502.93359375
9,510000,2502.93359375
9,520000,2502.93359375
9,530000,2502.93359375
9,540000,2502.93359375
9,550000,2547.98046875
9,560000,2547.98046875
9,570000,2547.98046875
9,580000,2419.14453125
9,590000,2419.14453125
9,600000,2419.14453125
9,610000,2419.14453125
9,620000,2419.14453125
9,630000,2419.14453125
9,640000,2419.14453125
9,650000,2361.81640625
9,660000,2361.81640625
9,670000,2438.1953125
9,680000,2479.6171875
9,690000,2479.6171875
9,700000,2373.9296875
9,710000,2373.9296875
9,720000,2392.08984375
9,730000,2418.109375
9,740000,2418.109375
9,750000,2372.94921875
9,760000,2372.94921875
9,770000,2425.890625
9,780000,2475.890625
9,790000,2475.890625
9,800000,2438.4140625
9,810000,2438.4140625
9,820000,2438.4140625
9,830000,2560.4609375
9,840000,2560.4609375
9,850000,2560.4609375
9,860000,2468.80078125
9,870000,2468.80078125
9,880000,2431.16796875
9,890000,2431.16796875
9,900000,2439.84375
9,910000,2400.61328125
9,920000,2400.61328125
9,930000,2400.61328125
9,940000,2400.61328125
9,950000,2433.859375
9,960000,2472.13671875
9,970000,2472.13671875
9,980000,2407.3203125
9,990000,2407.3203125
9,1000000,2407.3203125
10,0,1274.22265625
10,10000,1703.63671875
10,20000,1703.63671875
10,30000,1924.83203125
10,40000,2055.4453125
10,50000,2055.4453125
10,60000,2440.69140625
10,70000,2440.69140625
10,80000,2440.69140625
10,90000,2440.69140625
10,100000,2440.69140625
10,110000,2440.69140625
10,120000,2452.25390625
10,130000,2452.25390625
10,140000,2414.1640625
10,150000,2414.1640625
10,160000,2414.1640625
10,170000,2429.23828125
10,180000,2429.23828125
10,190000,2429.23828125
10,200000,2429.23828125
10,210000,2429.23828125
10,220000,2467.23828125
10,230000,2467.23828125
10,240000,2467.23828125
10,250000,2467.23828125
10,260000,2467.23828125
10,270000,2509.2265625
10,280000,2509.2265625
10,290000,2467.68359375
10,300000,2467.68359375
10,310000,2467.68359375
10,320000,2551.26171875
10,330000,2551.26171875
10,340000,2551.26171875
10,350000,2551.26171875
10,360000,2551.26171875
10,370000,2459.0390625
10,380000,2459.0390625
10,390000,2459.0390625
10,400000,2459.0390625
10,410000,2459.0390625
10,420000,2459.0390625
10,430000,2459.0390625
10,440000,2459.0390625
10,450000,2474.578125
10,460000,2474.578125
10,470000,2436.4296875
10,480000,2436.4296875
10,490000,2436.4296875
10,500000,2454.23828125
10,510000,2454.23828125
10,520000,2454.23828125
10,530000,2454.23828125
10,540000,2454.23828125
10,550000,2503.453125
10,560000,2503.453125
10,570000,2503.453125
10,580000,2503.453125
10,590000,2503.453125
10,600000,2572.765625
10,610000,2572.765625
10,620000,2572.765625
10,630000,2463.98828125
10,640000,2463.98828125
10,650000,2463.98828125
10,660000,2463.98828125
10,670000,2463.98828125
10,680000,2463.98828125
10,690000,2463.98828125
10,700000,2463.98828125
10,710000,2463.98828125
10,720000,2463.98828125
10,730000,2495.48046875
10,740000,2495.48046875
10,750000,2436.02734375
10,760000,2436.02734375
10,770000,2436.02734375
10,780000,2482.11328125
10,790000,2482.11328125
10,800000,2444.28125
10,810000,2444.28125
10,820000,2463.0625
10,830000,2515.87890625
10,840000,2515.87890625
10,850000,2482.12890625
10,860000,2482.12890625
10,870000,2482.12890625
10,880000,2550.53125
10,890000,2550.53125
10,900000,2550.53125
10,910000,2452.06640625
10,920000,2452.06640625
10,930000,2452.06640625
10,940000,2452.06640625
10,950000,2452.06640625
10,960000,2452.06640625
10,970000,2452.06640625
10,980000,2452.06640625
10,990000,2452.06640625
10,1000000,2466.9375
11,0,1336.16015625
11,10000,1760.58984375
11,20000,1760.58984375
11,30000,2003.48828125
11,40000,2111.58203125
11,50000,2111.58203125
11,60000,2483.1796875
11,70000,2483.1796875
11,80000,2483.1796875
11,90000,2483.1796875
11,100000,2483.1796875
11,110000,2483.1796875
11,120000,2493.6875
11,130000,2493.6875
11,140000,2377.16015625
11,150000,2377.16015625
11,160000,2488.078125
11,170000,2518.8203125
11,180000,2518.8203125
11,190000,2477.1328125
11,200000,2477.1328125
11,210000,2503.1171875
11,220000,2561.12109375
11,230000,2561.12109375
11,240000,2561.12109375
11,250000,2561.12109375
11,260000,2561.12109375
11,270000,2659.10546875
11,280000,2659.10546875
11,290000,2659.10546875
11,300000,2659.10546875
11,310000,2659.10546875
11,320000,2659.10546875
11,330000,2659.10546875
11,340000,2659.10546875
11,350000,2621.015625
11,360000,2621.015625
11,370000,2621.015625
11,380000,2621.015625
11,390000,2621.015625
11,400000,2621.015625
11,410000,2621.015625
11,420000,2621.015625
11,430000,2621.015625
11,440000,2621.015625
11,450000,2621.015625
11,460000,2621.015625
11,470000,2621.015625
11,480000,2621.015625
11,490000,2621.015625
11,500000,2621.015625
11,510000,2621.015625
11,520000,2621.015625
11,530000,2621.015625
11,540000,2621.015625
11,550000,2666.64453125
11,560000,2666.64453125
11,570000,2666.64453125
11,580000,2666.64453125
11,590000,2666.64453125
11,600000,2628.5625
11,610000,2628.5625
11,620000,2628.5625
11,630000,2628.5625
11,640000,2628.5625
11,650000,2628.5625
11,660000,2628.5625
11,670000,2628.5625
11,680000,2628.5625
11,690000,2628.5625
11,700000,2628.5625
11,710000,2628.5625
11,720000,2628.5625
11,730000,2628.5625
11,740000,2628.5625
11,750000,2628.5625
11,760000,2628.5625
11,770000,2628.5625
11,780000,2628.5625
11,790000,2628.5625
11,800000,2628.5625
11,810000,2628.5625
11,820000,2628.5625
11,830000,2658.55859375
11,840000,2658.55859375
11,850000,2658.55859375
11,860000,2612.8203125
11,870000,2612.8203125
11,880000,2612.8203125
11,890000,2612.8203125
11,900000,2612.8203125
11,910000,2612.8203125
11,920000,2612.8203125
11,930000,2612.8203125
11,940000,2612.8203125
11,950000,2612.8203125
11,960000,2612.8203125
11,970000,2612.8203125
11,980000,2612.8203125
11,990000,2612.8203125
11,1000000,2612.8203125
12,0,1247.2109375
12,10000,1677.953125
12,20000,1677.953125
12,30000,1893.1875
12,40000,2004.75
12,50000,2004.75
12,60000,2387.3359375
12,70000,2387.3359375
12,80000,2387.3359375
12,90000,2387.3359375
12,100000,2387.3359375
12,110000,2387.3359375
12,120000,2383.52734375
12,130000,2383.52734375
12,140000,2383.52734375
12,150000,2383.52734375
12,160000,2383.52734375
12,170000,2397.50390625
12,180000,2397.50390625
12,190000,2397.50390625
12,200000,2397.50390625
12,210000,2403.85546875
12,220000,2445.8671875
12,230000,2445.8671875
12,240000,2445.8671875
12,250000,2445.8671875
12,260000,2445.8671875
12,270000,2441.9296875
12,280000,2441.9296875
12,290000,2441.9296875
12,300000,2404.0859375
12,310000,2404.0859375
12,320000,2404.0859375
12,330000,2404.0859375
12,340000,2404.0859375
12,350000,2404.0859375
12,360000,2404.0859375
12,370000,2404.0859375
12,380000,2404.0859375
12,390000,2414.94921875
12,400000,2414.94921875
12,410000,2414.94921875
12,420000,2414.94921875
12,430000,2414.94921875
12,440000,2414.94921875
12,450000,2422.48828125
12,460000,2422.48828125
12,470000,2384.92578125
12,480000,2384.92578125
12,490000,2415.703125
12,500000,2453.296875
12,510000,2453.296875
12,520000,2415.21484375
12,530000,2415.21484375
12,540000,2415.21484375
12,550000,2563.9921875
12,560000,2563.9921875
12,570000,2563.9921875
12,580000,2468.8359375
12,590000,2468.8359375
12,600000,2468.8359375
12,610000,2468.8359375
12,620000,2468.8359375
12,630000,2380.1484375
12,640000,2380.1484375
12,650000,2380.1484375
12,660000,2380.1484375
12,670000,2403.24609375
12,680000,2450.734375
12,690000,2450.734375
12,700000,2369.01953125
12,710000,2369.01953125
12,720000,2369.01953125
12,730000,2421.875
12,740000,2421.875
12,750000,2369.4921875
12,760000,2369.4921875
12,770000,2414.375
12,780000,2493.296875
12,790000,2493.296875
12,800000,2367.97265625
12,810000,2367.97265625
12,820000,2383.21484375
12,830000,2558.25390625
12,840000,2558.25390625
12,850000,2558.25390625
12,860000,2466.6171875
12,870000,2466.6171875
12,880000,2396.5390625
12,890000,2396.5390625
12,900000,2409.12890625
12,910000,2367.68359375
12,920000,2367.68359375
12,930000,2367.68359375
12,940000,2367.68359375
12,950000,2408.2734375
12,960000,2448.8125
12,970000,2448.8125
12,980000,2366.95703125
12,990000,2366.95703125
12,1000000,2400.203125
13,0,1220.69921875
13,10000,1650.39453125
13,20000,1650.39453125
13,30000,1908.02734375
13,40000,2004.1875
13,50000,2004.1875
13,60000,2381.87109375
13,70000,2381.87109375
13,80000,2381.87109375
13,90000,2340.37109375
13,100000,2340.37109375
13,110000,2366.93359375
13,120000,2396.93359375
13,130000,2396.93359375
13,140000,2396.93359375
13,150000,2396.93359375
13,160000,2396.93359375
13,170000,2372.265625
13,180000,2372.265625
13,190000,2372.265625
13,200000,2372.265625
13,210000,2385.77734375
13,220000,2438.77734375
13,230000,2438.77734375
13,240000,2438.77734375
13,250000,2438.77734375
13,260000,2438.77734375
13,270000,2465.83984375
13,280000,2465.83984375
13,290000,2465.83984375
13,300000,2424.01953125
13,310000,2424.01953125
13,320000,2424.01953125
13,330000,2424.01953125
13,340000,2424.01953125
13,350000,2424.01953125
13,360000,2424.01953125
13,370000,2424.01953125
13,380000,2424.01953125
13,390000,2424.01953125
13,400000,2424.01953125
13,410000,2424.01953125
13,420000,2424.01953125
13,430000,2424.01953125
13,440000,2424.01953125
13,450000,2424.01953125
13,460000,2424.01953125
13,470000,2424.01953125
13,480000,2424.01953125
13,490000,2424.01953125
13,500000,2455.1328125
13,510000,2455.1328125
13,520000,2417.04296875
13,530000,2417.04296875
13,540000,2417.04296875
13,550000,2537.37109375
13,560000,2537.37109375
13,570000,2537.37109375
13,580000,2440.0
13,590000,2440.0
13,600000,2440.0
13,610000,2440.0
13,620000,2440.0
13,630000,2440.0
13,640000,2440.0
13,650000,2440.0
13,660000,2440.0
13,670000,2440.0
13,680000,2470.1953125
13,690000,2470.1953125
13,700000,2470.1953125
13,710000,2470.1953125
13,720000,2470.1953125
13,730000,2470.1953125
13,740000,2470.1953125
13,750000,2409.25390625
13,760000,2410.25390625
13,770000,2429.03125
13,780000,2470.859375
13,790000,2470.859375
13,800000,2470.859375
13,810000,2470.859375
13,820000,2470.859375
13,830000,2539.640625
13,840000,2539.640625
13,850000,2539.640625
13,860000,2432.81640625
13,870000,2432.81640625
13,880000,2432.81640625
13,890000,2432.81640625
13,900000,2432.81640625
13,910000,2432.81640625
13,920000,2432.81640625
13,930000,2432.81640625
13,940000,2432.81640625
13,950000,2432.81640625
13,960000,2470.66015625
13,970000,2470.66015625
13,980000,2409.91796875
13,990000,2409.91796875
13,1000000,2409.91796875
14,0,1291.9140625
14,10000,1730.3515625
14,20000,1730.3515625
14,30000,1963.140625
14,40000,2078.234375
14,50000,2078.234375
14,60000,2444.57421875
14,70000,2444.57421875
14,80000,2444.57421875
14,90000,2444.57421875
14,100000,2444.57421875
14,110000,2444.57421875
14,120000,2455.3359375
14,130000,2455.3359375
14,140000,2417.99609375
14,150000,2417.99609375
14,160000,2457.83984375
14,170000,2519.23046875
14,180000,2519.23046875
14,190000,2481.9375
14,200000,2481.9375
14,210000,2481.9375
14,220000,2523.4765625
14,230000,2523.4765625
14,240000,2523.4765625
14,250000,2481.65625
14,260000,2481.65625
14,270000,2481.65625
14,280000,2481.65625
14,290000,2481.65625
14,300000,2436.671875
14,310000,2436.671875
14,320000,2436.671875
14,330000,2436.671875
14,340000,2436.671875
14,350000,2451.83203125
14,360000,2451.83203125
14,370000,2451.83203125
14,380000,2451.83203125
14,390000,2470.83203125
14,400000,2486.4609375
14,410000,2486.4609375
14,420000,2444.6484375
14,430000,2444.6484375
14,440000,2478.15625
14,450000,2558.4453125
14,460000,2558.4453125
14,470000,2503.1640625
14,480000,2503.1640625
14,490000,2503.1640625
14,500000,2630.578125
14,510000,2630.578125
14,520000,2630.578125
14,530000,2443.80078125
14,540000,2443.80078125
14,550000,2443.80078125
14,560000,2443.80078125
14,570000,2489.3125
14,580000,2489.3125
14,590000,2489.3125
14,600000,2447.48828125
14,610000,2447.48828125
14,620000,2477.296875
14,630000,2514.80859375
14,640000,2514.80859375
14,650000,2450.8515625
14,660000,2450.8515625
14,670000,2450.8515625
14,680000,2494.78515625
14,690000,2494.78515625
14,700000,2457.6640625
14,710000,2457.6640625
14,720000,2487.7890625
14,730000,2536.1328125
14,740000,2536.1328125
14,750000,2506.234375
14,760000,2506.234375
14,770000,2506.234375
14,780000,2596.84375
14,790000,2596.84375
14,800000,2596.84375
14,810000,2507.25390625
14,820000,2507.25390625
14,830000,2465.77734375
14,840000,2465.77734375
14,850000,2487.33203125
14,860000,2487.33203125
14,870000,2487.33203125
14,880000,2487.33203125
14,890000,2487.33203125
14,900000,2494.19140625
14,910000,2550.40625
14,920000,2550.40625
14,930000,2483.6328125
14,940000,2483.6328125
14,950000,2483.6328125
14,960000,2476.4765625
14,970000,2476.4765625
14,980000,2476.4765625
14,990000,2476.4765625
14,1000000,2494.49609375
15,0,1304.54296875
15,10000,1738.1953125
15,20000,1738.1953125
15,30000,1950.05078125
15,40000,2075.81640625
15,50000,2075.81640625
15,60000,2465.4453125
15,70000,2465.4453125
15,80000,2465.4453125
15,90000,2465.4453125
15,100000,2465.4453125
15,110000,2465.4453125
15,120000,2495.9453125
15,130000,2495.9453125
15,140000,2495.9453125
15,150000,2495.9453125
15,160000,2495.9453125
15,170000,2495.9453125
15,180000,2495.9453125
15,190000,2495.9453125
15,200000,2495.9453125
15,210000,2495.9453125
15,220000,2523.55859375
15,230000,2523.55859375
15,240000,2447.23828125
15,250000,2447.23828125
15,260000,2447.23828125
15,270000,2557.78515625
15,280000,2557.78515625
15,290000,2557.78515625
15,300000,2516.15625
15,310000,2516.15625
15,320000,2516.15625
15,330000,2516.15625
15,340000,2516.15625
15,350000,2516.15625
15,360000,2516.15625
15,370000,2516.15625
15,380000,2516.15625
15,390000,2516.15625
15,400000,2516.15625
15,410000,2516.15625
15,420000,2516.15625
15,430000,2516.15625
15,440000,2516.15625
15,450000,2516.15625
15,460000,2516.15625
15,470000,2516.15625
15,480000,2516.15625
15,490000,2516.15625
15,500000,2553.80859375
15,510000,2553.80859375
15,520000,2553.80859375
15,530000,2553.80859375
15,540000,2553.80859375
15,550000,2614.4453125
15,560000,2614.4453125
15,570000,2614.4453125
15,580000,2568.87890625
15,590000,2568.87890625
15,600000,2515.3828125
15,610000,2515.3828125
15,620000,2515.3828125
15,630000,2515.3828125
15,640000,2515.3828125
15,650000,2515.3828125
15,660000,2515.3828125
15,670000,2515.3828125
15,680000,2555.3984375
15,690000,2555.3984375
15,700000,2500.125
15,710000,2500.125
15,720000,2500.125
15,730000,2530.02734375
15,740000,2530.02734375
15,750000,2530.02734375
15,760000,2530.02734375
15,770000,2530.02734375
15,780000,2590.57421875
15,790000,2590.57421875
15,800000,2553.29296875
15,810000,2553.29296875
15,820000,2553.29296875
15,830000,2633.66796875
15,840000,2633.66796875
15,850000,2633.66796875
15,860000,2508.0546875
15,870000,2508.0546875
15,880000,2508.0546875
15,890000,2508.0546875
15,900000,2508.0546875
15,910000,2508.0546875
15,920000,2508.0546875
15,930000,2508.0546875
15,940000,2508.0546875
15,950000,2522.375
15,960000,2560.6015625
15,970000,2560.6015625
15,980000,2507.30078125
15,990000,2507.30078125
15,1000000,2507.30078125
16,0,1317.3125
16,10000,1765.609375
16,20000,1765.609375
16,30000,1979.796875
16,40000,2114.41015625
16,50000,2114.41015625
16,60000,2472.08203125
16,70000,2472.08203125
16,80000,2472.08203125
16,90000,2420.6796875
16,100000,2420.6796875
16,110000,2498.07421875
16,120000,2498.07421875
16,130000,2498.07421875
16,140000,2456.4765625
16,150000,2456.4765625
16,160000,2456.4765625
16,170000,2486.5859375
16,180000,2486.5859375
16,190000,2486.5859375
16,200000,2486.5859375
16,210000,2497.31640625
16,220000,2512.69140625
16,230000,2512.69140625
16,240000,2455.57421875
16,250000,2455.57421875
16,260000,2500.93359375
16,270000,2580.3671875
16,280000,2580.3671875
16,290000,2542.73828125
16,300000,2542.73828125
16,310000,2542.73828125
16,320000,2622.109375
16,330000,2622.109375
16,340000,2580.28125
16,350000,2580.28125
16,360000,2580.28125
16,370000,2618.30078125
16,380000,2618.30078125
16,390000,2618.30078125
16,400000,2618.30078125
16,410000,2618.30078125
16,420000,2618.30078125
16,430000,2618.30078125
16,440000,2618.30078125
16,450000,2618.30078125
16,460000,2618.30078125
16,470000,2618.30078125
16,480000,2618.30078125
16,490000,2618.30078125
16,500000,2618.30078125
16,510000,2618.30078125
16,520000,2618.30078125
16,530000,2618.30078125
16,540000,2618.30078125
16,550000,2618.30078125
16,560000,2618.30078125
16,570000,2618.30078125
16,580000,2618.30078125
16,590000,2618.30078125
16,600000,2618.30078125
16,610000,2618.30078125
16,620000,2618.30078125
16,630000,2618.30078125
16,640000,2618.30078125
16,650000,2633.5625
16,660000,2633.5625
16,670000,2633.5625
16,680000,2587.828125
16,690000,2587.828125
16,700000,2587.828125
16,710000,2587.828125
16,720000,2587.828125
16,730000,2587.828125
16,740000,2587.828125
16,750000,2587.828125
16,760000,2587.828125
16,770000,2587.828125
16,780000,2587.828125
16,790000,2587.828125
16,800000,2587.828125
16,810000,2587.828125
16,820000,2587.828125
16,830000,2619.08203125
16,840000,2619.08203125
16,850000,2619.08203125
16,860000,2619.08203125
16,870000,2619.08203125
16,880000,2649.08984375
16,890000,2649.08984375
16,900000,2649.08984375
16,910000,2588.69140625
16,920000,2588.69140625
16,930000,2588.69140625
16,940000,2588.69140625
16,950000,2588.69140625
16,960000,2588.69140625
16,970000,2588.69140625
16,980000,2588.69140625
16,990000,2588.69140625
16,1000000,2588.69140625
17,0,1327.89453125
17,10000,1764.93359375
17,20000,1764.93359375
17,30000,1994.171875
17,40000,2113.953125
17,50000,2113.953125
17,60000,2501.578125
17,70000,2501.578125
17,80000,2501.578125
17,90000,2464.08984375
17,100000,2464.08984375
17,110000,2494.9921875
17,120000,2546.6171875
17,130000,2546.6171875
17,140000,2555.6171875
17,150000,2555.6171875
17,160000,2555.6171875
17,170000,2487.0625
17,180000,2487.0625
17,190000,2487.0625
17,200000,2487.0625
17,210000,2505.640625
17,220000,2547.2734375
17,230000,2547.2734375
17,240000,2547.2734375
17,250000,2547.2734375
17,260000,2547.2734375
17,270000,2561.8203125
17,280000,2561.8203125
17,290000,2489.328125
17,300000,2489.328125
17,310000,2489.328125
17,320000,2630.0859375
17,330000,2630.0859375
17,340000,2630.0859375
17,350000,2588.73046875
17,360000,2588.73046875
17,370000,2588.73046875
17,380000,2588.73046875
17,390000,2588.73046875
17,400000,2588.73046875
17,410000,2588.73046875
17,420000,2588.73046875
17,430000,2588.73046875
17,440000,2588.73046875
17,450000,2526.8125
17,460000,2526.8125
17,470000,2526.8125
17,480000,2526.8125
17,490000,2526.8125
17,500000,2526.8125
17,510000,2526.8125
17,520000,2526.8125
17,530000,2526.8125
17,540000,2526.8125
17,550000,2568.80078125
17,560000,2568.80078125
17,570000,2519.1484375
17,580000,2519.1484375
17,590000,2519.1484375
17,600000,2590.421875
17,610000,2590.421875
17,620000,2510.76171875
17,630000,2510.76171875
17,640000,2529.79296875
17,650000,2640.6875
17,660000,2640.6875
17,670000,2640.6875
17,680000,2640.6875
17,690000,2640.6875
17,700000,2640.6875
17,710000,2640.6875
17,720000,2640.6875
17,730000,2526.1484375
17,740000,2526.1484375
17,750000,2526.1484375
17,760000,2526.1484375
17,770000,2526.1484375
17,780000,2556.171875
17,790000,2556.171875
17,800000,2518.09765625
17,810000,2518.09765625
17,820000,2525.390625
17,830000,2586.10546875
17,840000,2586.10546875
17,850000,2586.10546875
17,860000,2586.10546875
17,870000,2586.10546875
17,880000,2654.6328125
17,890000,2654.6328125
17,900000,2654.6328125
17,910000,2555.38671875
17,920000,2555.38671875
17,930000,2555.38671875
17,940000,2555.38671875
17,950000,2555.38671875
17,960000,2557.38671875
17,970000,2557.38671875
17,980000,2557.38671875
17,990000,2557.38671875
17,1000000,2557.38671875
18,0,1302.8359375
18,10000,1737.93359375
18,20000,1737.93359375
18,30000,1977.04296875
18,40000,2095.7421875
18,50000,2095.7421875
18,60000,2469.12109375
18,70000,2469.12109375
18,80000,2469.12109375
18,90000,2469.12109375
18,100000,2469.12109375
18,110000,2476.234375
18,120000,2507.234375
18,130000,2507.234375
18,140000,2507.234375
18,150000,2507.234375
18,160000,2507.234375
18,170000,2450.09765625
18,180000,2450.09765625
18,190000,2404.23828125
18,200000,2404.23828125
18,210000,2484.1171875
18,220000,2534.1328125
18,230000,2534.1328125
18,240000,2419.6015625
18,250000,2419.6015625
18,260000,2446.203125
18,270000,2549.3046875
18,280000,2549.3046875
18,290000,2549.3046875
18,300000,2507.484375
18,310000,2507.484375
18,320000,2507.484375
18,330000,2507.484375
18,340000,2507.484375
18,350000,2507.484375
18,360000,2507.484375
18,370000,2507.484375
18,380000,2507.484375
18,390000,2507.484375
18,400000,2507.484375
18,410000,2507.484375
18,420000,2507.484375
18,430000,2507.484375
18,440000,2507.484375
18,450000,2522.18359375
18,460000,2522.18359375
18,470000,2522.18359375
18,480000,2522.18359375
18,490000,2522.18359375
18,500000,2536.78125
18,510000,2536.78125
18,520000,2491.05859375
18,530000,2491.05859375
18,540000,2491.05859375
18,550000,2617.0
18,560000,2617.0
18,570000,2617.0
18,580000,2521.53125
18,590000,2521.53125
18,600000,2521.53125
18,610000,2521.53125
18,620000,2521.53125
18,630000,2521.53125
18,640000,2521.53125
18,650000,2521.53125
18,660000,2521.53125
18,670000,2521.53125
18,680000,2528.953125
18,690000,2528.953125
18,700000,2490.98046875
18,710000,2490.98046875
18,720000,2490.98046875
18,730000,2536.06640625
18,740000,2536.06640625
18,750000,2498.08984375
18,760000,2498.08984375
18,770000,2505.44140625
18,780000,2558.58984375
18,790000,2558.58984375
18,800000,2558.58984375
18,810000,2558.58984375
18,820000,2558.58984375
18,830000,2646.171875
18,840000,2646.171875
18,850000,2646.171875
18,860000,2506.73046875
18,870000,2506.73046875
18,880000,2506.73046875
18,890000,2506.73046875
18,900000,2520.21875
18,910000,2520.21875
18,920000,2520.21875
18,930000,2520.21875
18,940000,2520.21875
18,950000,2520.21875
18,960000,2551.21875
18,970000,2551.21875
18,980000,2490.1953125
18,990000,2490.1953125
18,1000000,2490.1953125
19,0,1233.1484375
19,10000,1671.46875
19,20000,1671.46875
19,30000,1898.1328125
19,40000,2004.84375
19,50000,2004.84375
19,60000,2361.5
19,70000,2361.5
19,80000,2361.5
19,90000,2361.5
19,100000,2361.5
19,110000,2361.5
19,120000,2387.49609375
19,130000,2387.49609375
19,140000,2350.13671875
19,150000,2350.13671875
19,160000,2369.1484375
19,170000,2414.6796875
19,180000,2414.6796875
19,190000,2373.32421875
19,200000,2373.32421875
19,210000,2383.7890625
19,220000,2449.73828125
19,230000,2449.73828125
19,240000,2404.8984375
19,250000,2404.8984375
19,260000,2404.8984375
19,270000,2514.83984375
19,280000,2514.83984375
19,290000,2514.83984375
19,300000,2473.3125
19,310000,2473.3125
19,320000,2473.3125
19,330000,2473.3125
19,340000,2473.3125
19,350000,2473.3125
19,360000,2473.3125
19,370000,2473.3125
19,380000,2473.3125
19,390000,2473.3125
19,400000,2473.3125
19,410000,2473.3125
19,420000,2473.3125
19,430000,2473.3125
19,440000,2473.3125
19,450000,2473.3125
19,460000,2473.3125
19,470000,2473.3125
19,480000,2473.3125
19,490000,2473.3125
19,500000,2488.41015625
19,510000,2488.41015625
19,520000,2488.41015625
19,530000,2488.41015625
19,540000,2488.41015625
19,550000,2549.40234375
19,560000,2549.40234375
19,570000,2549.40234375
19,580000,2458.06640625
19,590000,2458.06640625
19,600000,2458.06640625
19,610000,2458.06640625
19,620000,2458.06640625
19,630000,2458.06640625
19,640000,2458.06640625
19,650000,2458.06640625
19,660000,2458.06640625
19,670000,2458.06640625
19,680000,2480.45703125
19,690000,2480.45703125
19,700000,2480.45703125
19,710000,2480.45703125
19,720000,2480.45703125
19,730000,2480.45703125
19,740000,2480.45703125
19,750000,2480.45703125
19,760000,2480.45703125
19,770000,2480.45703125
19,780000,2488.0234375
19,790000,2488.0234375
19,800000,2488.0234375
19,810000,2488.0234375
19,820000,2488.0234375
19,830000,2549.4375
19,840000,2549.4375
19,850000,2549.4375
19,860000,2458.0859375
19,870000,2458.0859375
19,880000,2458.0859375
19,890000,2458.0859375
19,900000,2458.0859375
19,910000,2458.0859375
19,920000,2458.0859375
19,930000,2458.0859375
19,940000,2458.0859375
19,950000,2458.0859375
19,960000,2472.48046875
19,970000,2472.48046875
19,980000,2472.48046875
19,990000,2472.48046875
19,1000000,2472.48046875
20,0,1325.57421875
20,10000,1751.1875
20,20000,2024.8515625
20,30000,2471.93359375
20,40000,2575.10546875
20,50000,2575.10546875
20,60000,2575.10546875
20,70000,2529.640625
20,80000,2529.640625
20,90000,2529.640625
20,100000,2529.640625
20,110000,2529.640625
20,120000,2529.640625
20,130000,2529.640625
20,140000,2529.640625
20,150000,2529.640625
20,160000,2529.640625
20,170000,2529.640625
20,180000,2529.640625
20,190000,2529.640625
20,200000,2529.640625
20,210000,2529.640625
20,220000,2529.640625
20,230000,2529.640625
20,240000,2529.640625
20,250000,2529.640625
20,260000,2529.640625
20,270000,2567.125
20,280000,2567.125
20,290000,2529.63671875
20,300000,2529.63671875
20,310000,2529.63671875
20,320000,2624.44921875
20,330000,2624.44921875
20,340000,2624.44921875
20,350000,2582.62890625
20,360000,2582.62890625
20,370000,2506.203125
20,380000,2506.203125
20,390000,2506.203125
20,400000,2506.203125
20,410000,2506.203125
20,420000,2506.203125
20,430000,2506.203125
20,440000,2506.203125
20,450000,2543.6484375
20,460000,2543.6484375
20,470000,2505.5546875
20,480000,2505.5546875
20,490000,2505.5546875
20,500000,2520.0
20,510000,2520.0
20,520000,2520.0
20,530000,2520.0
20,540000,2520.0
20,550000,2565.77734375
20,560000,2565.77734375
20,570000,2505.3515625
20,580000,2505.3515625
20,590000,2535.79296875
20,600000,2557.8046875
20,610000,2557.8046875
20,620000,2557.8046875
20,630000,2557.8046875
20,640000,2557.8046875
20,650000,2653.10546875
20,660000,2653.10546875
20,670000,2653.10546875
20,680000,2557.3671875
20,690000,2557.3671875
20,700000,2557.3671875
20,710000,2557.3671875
20,720000,2557.3671875
20,730000,2557.3671875
20,740000,2557.3671875
20,750000,2557.3671875
20,760000,2559.3671875
20,770000,2559.3671875
20,780000,2551.6171875
20,790000,2551.6171875
20,800000,2551.6171875
20,810000,2551.6171875
20,820000,2551.6171875
20,830000,2551.6171875
20,840000,2551.6171875
20,850000,2551.6171875
20,860000,2551.6171875
20,870000,2551.6171875
20,880000,2561.66015625
20,890000,2561.66015625
20,900000,2561.66015625
20,910000,2561.66015625
20,920000,2561.66015625
20,930000,2587.98828125
20,940000,2587.98828125
20,950000,2534.6015625
20,960000,2534.6015625
20,970000,2534.6015625
20,980000,2675.421875
20,990000,2675.421875
20,1000000,2675.421875
21,0,1337.65234375
21,10000,1765.1015625
21,20000,2036.84375
21,30000,2484.71875
21,40000,2611.1875
21,50000,2611.1875
21,60000,2611.1875
21,70000,2550.31640625
21,80000,2550.31640625
21,90000,2459.15625
21,100000,2459.15625
21,110000,2497.03515625
21,120000,2507.4375
21,130000,2507.4375
21,140000,2470.34375
21,150000,2470.34375
21,160000,2470.34375
21,170000,2496.4140625
21,180000,2496.4140625
21,190000,2458.375
21,200000,2458.375
21,210000,2504.18359375
21,220000,2511.0625
21,230000,2511.0625
21,240000,2458.50390625
21,250000,2458.50390625
21,260000,2504.09375
21,270000,2561.890625
21,280000,2561.890625
21,290000,2524.30859375
21,300000,2524.30859375
21,310000,2538.39453125
21,320000,2686.89453125
21,330000,2686.89453125
21,340000,2645.7890625
21,350000,2645.7890625
21,360000,2645.7890625
21,370000,2660.10546875
21,380000,2660.10546875
21,390000,2660.10546875
21,400000,2614.44140625
21,410000,2614.44140625
21,420000,2614.44140625
21,430000,2614.44140625
21,440000,2614.44140625
21,450000,2614.44140625
21,460000,2614.44140625
21,470000,2614.44140625
21,480000,2614.44140625
21,490000,2614.44140625
21,500000,2614.44140625
21,510000,2614.44140625
21,520000,2614.44140625
21,530000,2614.44140625
21,540000,2614.44140625
21,550000,2629.359375
21,560000,2629.359375
21,570000,2629.359375
21,580000,2629.359375
21,590000,2629.359375
21,600000,2644.13671875
21,610000,2644.13671875
21,620000,2644.13671875
21,630000,2644.13671875
21,640000,2644.13671875
21,650000,2666.65234375
21,660000,2666.65234375
21,670000,2666.65234375
21,680000,2666.65234375
21,690000,2666.65234375
21,700000,2628.5390625
21,710000,2628.5390625
21,720000,2628.5390625
21,730000,2628.5390625
21,740000,2628.5390625
21,750000,2628.5390625
21,760000,2628.5390625
21,770000,2628.5390625
21,780000,2643.17578125
21,790000,2643.17578125
21,800000,2643.17578125
21,810000,2643.17578125
21,820000,2643.17578125
21,830000,2643.17578125
21,840000,2643.17578125
21,850000,2643.17578125
21,860000,2643.17578125
21,870000,2643.17578125
21,880000,2643.17578125
21,890000,2643.17578125
21,900000,2643.17578125
21,910000,2643.17578125
21,920000,2643.17578125
21,930000,2651.453125
21,940000,2651.453125
21,950000,2613.55859375
21,960000,2613.55859375
21,970000,2613.55859375
21,980000,2704.66015625
21,990000,2704.66015625
21,1000000,2704.66015625
22,0,1260.734375
22,10000,1681.2421875
22,20000,1952.8828125
22,30000,2396.5625
22,40000,2507.76953125
22,50000,2507.76953125
22,60000,2507.76953125
22,70000,2408.65625
22,80000,2408.65625
22,90000,2408.65625
22,100000,2408.65625
22,110000,2419.9375
22,120000,2378.0625
22,130000,2378.0625
22,140000,2378.0625
22,150000,2378.0625
22,160000,2378.0625
22,170000,2414.890625
22,180000,2414.890625
22,190000,2414.890625
22,200000,2414.890625
22,210000,2433.61328125
22,220000,2497.48828125
22,230000,2497.48828125
22,240000,2460.51953125
22,250000,2460.51953125
22,260000,2460.51953125
22,270000,2475.23046875
22,280000,2475.23046875
22,290000,2475.23046875
22,300000,2475.23046875
22,310000,2475.23046875
22,320000,2568.86328125
22,330000,2568.86328125
22,340000,2527.28125
22,350000,2527.28125
22,360000,2527.28125
22,370000,2576.171875
22,380000,2576.171875
22,390000,2576.171875
22,400000,2538.64453125
22,410000,2538.64453125
22,420000,2538.64453125
22,430000,2538.64453125
22,440000,2538.64453125
22,450000,2538.64453125
22,460000,2538.64453125
22,470000,2538.64453125
22,480000,2538.64453125
22,490000,2538.64453125
22,500000,2538.64453125
22,510000,2538.64453125
22,520000,2538.64453125
22,530000,2538.64453125
22,540000,2538.64453125
22,550000,2538.64453125
22,560000,2538.64453125
22,570000,2538.64453125
22,580000,2538.64453125
22,590000,2538.64453125
22,600000,2538.64453125
22,610000,2538.64453125
22,620000,2538.64453125
22,630000,2538.64453125
22,640000,2538.64453125
22,650000,2591.5
22,660000,2591.5
22,670000,2591.5
22,680000,2591.5
22,690000,2591.5
22,700000,2553.91015625
22,710000,2553.91015625
22,720000,2553.91015625
22,730000,2553.91015625
22,740000,2553.91015625
22,750000,2553.91015625
22,760000,2553.91015625
22,770000,2553.91015625
22,780000,2553.91015625
22,790000,2553.91015625
22,800000,2553.91015625
22,810000,2553.91015625
22,820000,2553.91015625
22,830000,2553.91015625
22,840000,2553.91015625
22,850000,2553.91015625
22,860000,2553.91015625
22,870000,2553.91015625
22,880000,2553.91015625
22,890000,2553.91015625
22,900000,2553.91015625
22,910000,2553.91015625
22,920000,2553.91015625
22,930000,2613.30078125
22,940000,2613.30078125
22,950000,2613.30078125
22,960000,2538.8828125
22,970000,2538.8828125
22,980000,2538.8828125
22,990000,2538.8828125
22,1000000,2538.8828125
23,0,1258.7109375
23,10000,1676.9765625
23,20000,1952.59765625
23,30000,2399.8359375
23,40000,2511.04296875
23,50000,2511.04296875
23,60000,2511.04296875
23,70000,2466.1640625
23,80000,2466.1640625
23,90000,2466.1640625
23,100000,2466.1640625
23,110000,2466.1640625
23,120000,2466.1640625
23,130000,2466.1640625
23,140000,2466.1640625
23,150000,2466.1640625
23,160000,2466.1640625
23,170000,2466.1640625
23,180000,2466.1640625
23,190000,2466.1640625
23,200000,2466.1640625
23,210000,2466.1640625
23,220000,2479.05859375
23,230000,2479.05859375
23,240000,2479.05859375
23,250000,2479.05859375
23,260000,2479.05859375
23,270000,2489.78125
23,280000,2489.78125
23,290000,2447.95703125
23,300000,2447.95703125
23,310000,2447.95703125
23,320000,2539.07421875
23,330000,2539.07421875
23,340000,2539.07421875
23,350000,2539.07421875
23,360000,2539.07421875
23,370000,2446.515625
23,380000,2446.515625
23,390000,2446.515625
23,400000,2446.515625
23,410000,2446.515625
23,420000,2446.515625
23,430000,2446.515625
23,440000,2446.515625
23,450000,2446.515625
23,460000,2446.515625
23,470000,2446.515625
23,480000,2446.515625
23,490000,2446.515625
23,500000,2468.5859375
23,510000,2468.5859375
23,520000,2468.5859375
23,530000,2468.5859375
23,540000,2468.5859375
23,550000,2551.84765625
23,560000,2551.84765625
23,570000,2551.84765625
23,580000,2444.95703125
23,590000,2444.95703125
23,600000,2444.95703125
23,610000,2444.95703125
23,620000,2444.95703125
23,630000,2444.95703125
23,640000,2444.95703125
23,650000,2444.95703125
23,660000,2444.95703125
23,670000,2444.95703125
23,680000,2475.03125
23,690000,2475.03125
23,700000,2475.03125
23,710000,2475.03125
23,720000,2475.03125
23,730000,2475.03125
23,740000,2475.03125
23,750000,2475.03125
23,760000,2475.03125
23,770000,2475.03125
23,780000,2497.6484375
23,790000,2497.6484375
23,800000,2445.59375
23,810000,2445.59375
23,820000,2445.59375
23,830000,2563.91796875
23,840000,2563.91796875
23,850000,2563.91796875
23,860000,2469.16796875
23,870000,2469.16796875
23,880000,2469.16796875
23,890000,2469.16796875
23,900000,2469.16796875
23,910000,2469.16796875
23,920000,2469.16796875
23,930000,2469.16796875
23,940000,2469.16796875
23,950000,2469.16796875
23,960000,2476.328125
23,970000,2476.328125
23,980000,2476.328125
23,990000,2476.328125
23,1000000,2476.328125
24,0,1318.125
24,10000,1751.22265625
24,20000,2009.984375
24,30000,2458.39453125
24,40000,2565.0625
24,50000,2565.0625
24,60000,2565.0625
24,70000,2565.0625
24,80000,2565.0625
24,90000,2565.0625
24,100000,2565.0625
24,110000,2565.0625
24,120000,2565.0625
24,130000,2565.0625
24,140000,2498.2734375
24,150000,2498.2734375
24,160000,2498.2734375
24,170000,2508.50390625
24,180000,2508.50390625
24,190000,2430.81640625
24,200000,2430.81640625
24,210000,2475.88671875
24,220000,2498.25
24,230000,2498.25
24,240000,2457.46875
24,250000,2457.46875
24,260000,2487.78125
24,270000,2559.78125
24,280000,2559.78125
24,290000,2483.7578125
24,300000,2483.7578125
24,310000,2483.7578125
24,320000,2597.31640625
24,330000,2597.31640625
24,340000,2555.49609375
24,350000,2555.49609375
24,360000,2555.49609375
24,370000,2608.82421875
24,380000,2608.82421875
24,390000,2608.82421875
24,400000,2570.74609375
24,410000,2570.74609375
24,420000,2570.74609375
24,430000,2570.74609375
24,440000,2570.74609375
24,450000,2570.74609375
24,460000,2570.74609375
24,470000,2570.74609375
24,480000,2570.74609375
24,490000,2570.74609375
24,500000,2570.74609375
24,510000,2570.74609375
24,520000,2570.74609375
24,530000,2570.74609375
24,540000,2570.74609375
24,550000,2608.50390625
24,560000,2608.50390625
24,570000,2608.50390625
24,580000,2570.44921875
24,590000,2570.44921875
24,600000,2570.44921875
24,610000,2570.44921875
24,620000,2570.44921875
24,630000,2570.44921875
24,640000,2570.44921875
24,650000,2570.44921875
24,660000,2570.44921875
24,670000,2570.44921875
24,680000,2570.44921875
24,690000,2570.44921875
24,700000,2570.44921875
24,710000,2570.44921875
24,720000,2570.44921875
24,730000,2570.44921875
24,740000,2570.44921875
24,750000,2570.44921875
24,760000,2570.44921875
24,770000,2570.44921875
24,780000,2585.5078125
24,790000,2585.5078125
24,800000,2585.5078125
24,810000,2585.5078125
24,820000,2585.5078125
24,830000,2631.1328125
24,840000,2631.1328125
24,850000,2631.1328125
24,860000,2570.58984375
24,870000,2570.58984375
24,880000,2570.58984375
24,890000,2570.58984375
24,900000,2570.58984375
24,910000,2570.58984375
24,920000,2570.58984375
24,930000,2570.58984375
24,940000,2570.58984375
24,950000,2570.58984375
24,960000,2570.58984375
24,970000,2570.58984375
24,980000,2570.58984375
24,990000,2570.58984375
24,1000000,2570.58984375
25,0,1242.03125
25,10000,1739.859375
25,20000,1954.44140625
25,30000,2400.71875
25,40000,2569.1953125
25,50000,2569.1953125
25,60000,2573.1953125
25,70000,2523.890625
25,80000,2523.890625
25,90000,2523.890625
25,100000,2523.890625
25,110000,2523.890625
25,120000,2523.890625
25,130000,2523.890625
25,140000,2523.890625
25,150000,2523.890625
25,160000,2523.890625
25,170000,2523.890625
25,180000,2523.890625
25,190000,2523.890625
25,200000,2523.890625
25,210000,2523.890625
25,220000,2523.890625
25,230000,2523.890625
25,240000,2523.890625
25,250000,2523.890625
25,260000,2523.890625
25,270000,2523.890625
25,280000,2523.890625
25,290000,2523.890625
25,300000,2523.890625
25,310000,2523.890625
25,320000,2554.21484375
25,330000,2554.21484375
25,340000,2554.21484375
25,350000,2516.125
25,360000,2516.125
25,370000,2516.125
25,380000,2516.125
25,390000,2516.125
25,400000,2516.125
25,410000,2516.125
25,420000,2516.125
25,430000,2516.125
25,440000,2516.125
25,450000,2516.125
25,460000,2516.125
25,470000,2516.125
25,480000,2516.125
25,490000,2516.125
25,500000,2516.125
25,510000,2516.125
25,520000,2516.125
25,530000,2516.125
25,540000,2516.125
25,550000,2516.125
25,560000,2516.125
25,570000,2516.125
25,580000,2516.125
25,590000,2516.125
25,600000,2515.09375
25,610000,2515.09375
25,620000,2515.09375
25,630000,2515.09375
25,640000,2515.09375
25,650000,2579.21484375
25,660000,2579.21484375
25,670000,2579.21484375
25,680000,2537.39453125
25,690000,2537.39453125
25,700000,2537.39453125
25,710000,2537.39453125
25,720000,2537.39453125
25,730000,2499.18359375
25,740000,2499.18359375
25,750000,2499.18359375
25,760000,2499.18359375
25,770000,2500.18359375
25,780000,2522.4453125
25,790000,2522.4453125
25,800000,2522.4453125
25,810000,2522.4453125
25,820000,2522.4453125
25,830000,2522.4453125
25,840000,2522.4453125
25,850000,2522.4453125
25,860000,2522.4453125
25,870000,2522.4453125
25,880000,2521.90234375
25,890000,2521.90234375
25,900000,2521.90234375
25,910000,2521.90234375
25,920000,2521.90234375
25,930000,2605.390625
25,940000,2605.390625
25,950000,2605.390625
25,960000,2499.14453125
25,970000,2499.14453125
25,980000,2499.14453125
25,990000,2499.14453125
25,1000000,2499.14453125
26,0,1323.98828125
26,10000,1802.12890625
26,20000,2017.22265625
26,30000,2460.25
26,40000,2566.6640625
26,50000,2566.6640625
26,60000,2566.6640625
26,70000,2526.69140625
26,80000,2526.69140625
26,90000,2526.69140625
26,100000,2526.69140625
26,110000,2526.69140625
26,120000,2526.69140625
26,130000,2526.69140625
26,140000,2526.69140625
26,150000,2526.69140625
26,160000,2526.69140625
26,170000,2531.68359375
26,180000,2531.68359375
26,190000,2531.68359375
26,200000,2531.68359375
26,210000,2531.68359375
26,220000,2531.68359375
26,230000,2531.68359375
26,240000,2531.68359375
26,250000,2531.68359375
26,260000,2531.68359375
26,270000,2530.953125
26,280000,2530.953125
26,290000,2530.953125
26,300000,2530.953125
26,310000,2530.953125
26,320000,2614.22265625
26,330000,2614.22265625
26,340000,2614.22265625
26,350000,2577.78515625
26,360000,2577.78515625
26,370000,2577.78515625
26,380000,2577.78515625
26,390000,2577.78515625
26,400000,2532.65234375
26,410000,2532.65234375
26,420000,2532.65234375
26,430000,2532.65234375
26,440000,2532.65234375
26,450000,2547.8046875
26,460000,2547.8046875
26,470000,2509.73828125
26,480000,2509.73828125
26,490000,2509.73828125
26,500000,2524.828125
26,510000,2524.828125
26,520000,2524.828125
26,530000,2524.828125
26,540000,2524.828125
26,550000,2527.828125
26,560000,2527.828125
26,570000,2527.828125
26,580000,2527.828125
26,590000,2527.828125
26,600000,2600.22265625
26,610000,2600.22265625
26,620000,2600.22265625
26,630000,2600.22265625
26,640000,2600.22265625
26,650000,2638.9296875
26,660000,2638.9296875
26,670000,2638.9296875
26,680000,2532.6640625
26,690000,2532.6640625
26,700000,2532.6640625
26,710000,2532.6640625
26,720000,2532.6640625
26,730000,2532.6640625
26,740000,2532.6640625
26,750000,2532.6640625
26,760000,2532.6640625
26,770000,2532.6640625
26,780000,2554.81640625
26,790000,2554.81640625
26,800000,2516.7265625
26,810000,2516.7265625
26,820000,2517.7265625
26,830000,2546.3359375
26,840000,2546.3359375
26,850000,2508.26953125
26,860000,2508.26953125
26,870000,2526.35546875
26,880000,2576.35546875
26,890000,2576.35546875
26,900000,2538.87109375
26,910000,2538.87109375
26,920000,2538.87109375
26,930000,2648.73828125
26,940000,2648.73828125
26,950000,2648.73828125
26,960000,2554.75
26,970000,2554.75
26,980000,2554.75
26,990000,2554.75
26,1000000,2554.75
27,0,1318.90625
27,10000,1796.4765625
27,20000,2010.02734375
27,30000,2460.32421875
27,40000,2628.7890625
27,50000,2628.7890625
27,60000,2632.7890625
27,70000,2632.7890625
27,80000,2632.7890625
27,90000,2632.7890625
27,100000,2632.7890625
27,110000,2632.7890625
27,120000,2632.7890625
27,130000,2632.7890625
27,140000,2632.7890625
27,150000,2632.7890625
27,160000,2632.7890625
27,170000,2632.7890625
27,180000,2632.7890625
27,190000,2632.7890625
27,200000,2632.7890625
27,210000,2632.7890625
27,220000,2632.7890625
27,230000,2632.7890625
27,240000,2632.7890625
27,250000,2632.7890625
27,260000,2632.7890625
27,270000,2632.7890625
27,280000,2632.7890625
27,290000,2632.7890625
27,300000,2632.7890625
27,310000,2632.7890625
27,320000,2632.7890625
27,330000,2632.7890625
27,340000,2632.7890625
27,350000,2632.7890625
27,360000,2632.7890625
27,370000,2632.7890625
27,380000,2632.7890625
27,390000,2632.7890625
27,400000,2632.7890625
27,410000,2632.7890625
27,420000,2632.7890625
27,430000,2632.7890625
27,440000,2632.7890625
27,450000,2632.7890625
27,460000,2632.7890625
27,470000,2632.7890625
27,480000,2632.7890625
27,490000,2632.7890625
27,500000,2632.7890625
27,510000,2632.7890625
27,520000,2632.7890625
27,530000,2632.7890625
27,540000,2632.7890625
27,550000,2632.7890625
27,560000,2632.7890625
27,570000,2632.7890625
27,580000,2632.7890625
27,590000,2632.7890625
27,600000,2632.7890625
27,610000,2632.7890625
27,620000,2632.7890625
27,630000,2632.7890625
27,640000,2632.7890625
27,650000,2632.7890625
27,660000,2632.7890625
27,670000,2632.7890625
27,680000,2632.7890625
27,690000,2632.7890625
27,700000,2632.7890625
27,710000,2632.7890625
27,720000,2632.7890625
27,730000,2632.7890625
27,740000,2633.7890625
27,750000,2633.7890625
27,760000,2633.7890625
27,770000,2633.7890625
27,780000,2633.7890625
27,790000,2633.7890625
27,800000,2633.7890625
27,810000,2633.7890625
27,820000,2633.7890625
27,830000,2633.7890625
27,840000,2633.7890625
27,850000,2633.7890625
27,860000,2633.7890625
27,870000,2633.7890625
27,880000,2640.51953125
27,890000,2640.51953125
27,900000,2640.51953125
27,910000,2603.34375
27,920000,2603.34375
27,930000,2603.34375
27,940000,2603.34375
27,950000,2603.34375
27,960000,2603.34375
27,970000,2603.34375
27,980000,2603.34375
27,990000,2603.34375
27,1000000,2603.34375
28,0,1250.69921875
28,10000,1746.16796875
28,20000,1953.765625
28,30000,2405.8359375
28,40000,2567.078125
28,50000,2567.078125
28,60000,2571.078125
28,70000,2526.140625
28,80000,2526.140625
28,90000,2526.140625
28,100000,2526.140625
28,110000,2526.140625
28,120000,2526.140625
28,130000,2526.140625
28,140000,2526.140625
28,150000,2526.140625
28,160000,2526.140625
28,170000,2526.140625
28,180000,2526.140625
28,190000,2526.140625
28,200000,2526.140625
28,210000,2526.140625
28,220000,2526.140625
28,230000,2526.140625
28,240000,2526.140625
28,250000,2526.140625
28,260000,2526.140625
28,270000,2526.140625
28,280000,2526.140625
28,290000,2526.140625
28,300000,2526.140625
28,310000,2526.140625
28,320000,2560.10546875
28,330000,2560.10546875
28,340000,2560.10546875
28,350000,2560.10546875
28,360000,2560.10546875
28,370000,2560.10546875
28,380000,2560.10546875
28,390000,2560.10546875
28,400000,2560.10546875
28,410000,2560.10546875
28,420000,2560.10546875
28,430000,2560.10546875
28,440000,2560.10546875
28,450000,2560.10546875
28,460000,2560.10546875
28,470000,2560.10546875
28,480000,2560.10546875
28,490000,2560.10546875
28,500000,2560.10546875
28,510000,2560.10546875
28,520000,2560.10546875
28,530000,2560.10546875
28,540000,2560.10546875
28,550000,2560.10546875
28,560000,2560.10546875
28,570000,2560.10546875
28,580000,2560.10546875
28,590000,2560.10546875
28,600000,2560.10546875
28,610000,2560.10546875
28,620000,2560.10546875
28,630000,2560.10546875
28,640000,2560.10546875
28,650000,2578.91015625
28,660000,2578.91015625
28,670000,2578.91015625
28,680000,2578.91015625
28,690000,2578.91015625
28,700000,2578.91015625
28,710000,2578.91015625
28,720000,2578.91015625
28,730000,2578.91015625
28,740000,2579.91015625
28,750000,2579.91015625
28,760000,2579.91015625
28,770000,2579.91015625
28,780000,2579.91015625
28,790000,2579.91015625
28,800000,2579.91015625
28,810000,2579.91015625
28,820000,2579.91015625
28,830000,2579.91015625
28,840000,2579.91015625
28,850000,2579.91015625
28,860000,2579.91015625
28,870000,2579.91015625
28,880000,2586.52734375
28,890000,2586.52734375
28,900000,2586.52734375
28,910000,2548.46484375
28,920000,2548.46484375
28,930000,2548.46484375
28,940000,2548.46484375
28,950000,2548.46484375
28,960000,2548.46484375
28,970000,2548.46484375
28,980000,2548.46484375
28,990000,2548.46484375
28,1000000,2548.46484375
29,0,1234.953125
29,10000,1710.74609375
29,20000,1921.58203125
29,30000,2374.19921875
29,40000,2504.94140625
29,50000,2504.94140625
29,60000,2504.94140625
29,70000,2463.29296875
29,80000,2463.29296875
29,90000,2347.30078125
29,100000,2347.30078125
29,110000,2388.64453125
29,120000,2388.64453125
29,130000,2388.64453125
29,140000,2388.64453125
29,150000,2388.64453125
29,160000,2403.078125
29,170000,2441.3515625
29,180000,2441.3515625
29,190000,2444.3515625
29,200000,2444.3515625
29,210000,2444.3515625
29,220000,2444.3515625
29,230000,2444.3515625
29,240000,2444.3515625
29,250000,2444.3515625
29,260000,2444.3515625
29,270000,2481.40625
29,280000,2481.40625
29,290000,2444.46484375
29,300000,2444.46484375
29,310000,2444.46484375
29,320000,2543.3671875
29,330000,2543.3671875
29,340000,2543.3671875
29,350000,2543.3671875
29,360000,2543.3671875
29,370000,2425.97265625
29,380000,2425.97265625
29,390000,2425.97265625
29,400000,2425.97265625
29,410000,2425.97265625
29,420000,2425.97265625
29,430000,2425.97265625
29,440000,2425.97265625
29,450000,2452.0234375
29,460000,2452.0234375
29,470000,2452.0234375
29,480000,2452.0234375
29,490000,2452.0234375
29,500000,2399.19140625
29,510000,2399.19140625
29,520000,2399.19140625
29,530000,2399.19140625
29,540000,2429.046875
29,550000,2483.046875
29,560000,2483.046875
29,570000,2407.171875
29,580000,2407.171875
29,590000,2407.171875
29,600000,2500.9921875
29,610000,2500.9921875
29,620000,2459.2890625
29,630000,2459.2890625
29,640000,2459.2890625
29,650000,2589.53515625
29,660000,2589.53515625
29,670000,2589.53515625
29,680000,2497.703125
29,690000,2497.703125
29,700000,2399.8359375
29,710000,2399.8359375
29,720000,2444.6875
29,730000,2456.6875
29,740000,2456.6875
29,750000,2415.69921875
29,760000,2415.69921875
29,770000,2415.69921875
29,780000,2451.64453125
29,790000,2451.64453125
29,800000,2413.25
29,810000,2413.25
29,820000,2444.5546875
29,830000,2489.5546875
29,840000,2489.5546875
29,850000,2414.19140625
29,860000,2414.19140625
29,870000,2414.19140625
29,880000,2562.57421875
29,890000,2562.57421875
29,900000,2562.57421875
29,910000,2470.84765625
29,920000,2470.84765625
29,930000,2470.84765625
29,940000,2470.84765625
29,950000,2470.84765625
29,960000,2470.84765625
29,970000,2470.84765625
29,980000,2470.84765625
29,990000,2470.84765625
29,1000000,2470.84765625
30,0,1348.41015625
30,10000,1737.9765625
30,20000,1997.90625
30,30000,2449.63671875
30,40000,2586.734375
30,50000,2586.734375
30,60000,2587.734375
30,70000,2546.47265625
30,80000,2546.47265625
30,90000,2546.47265625
30,100000,2546.47265625
30,110000,2546.47265625
30,120000,2477.640625
30,130000,2477.640625
30,140000,2477.640625
30,150000,2477.640625
30,160000,2503.58203125
30,170000,2541.21875
30,180000,2541.21875
30,190000,2545.21875
30,200000,2545.21875
30,210000,2545.21875
30,220000,2483.7421875
30,230000,2483.7421875
30,240000,2483.7421875
30,250000,2483.7421875
30,260000,2505.49609375
30,270000,2535.578125
30,280000,2535.578125
30,290000,2493.7578125
30,300000,2493.7578125
30,310000,2505.52734375
30,320000,2581.05859375
30,330000,2581.05859375
30,340000,2489.71484375
30,350000,2489.71484375
30,360000,2504.41796875
30,370000,2645.41796875
30,380000,2645.41796875
30,390000,2645.41796875
30,400000,2604.359375
30,410000,2604.359375
30,420000,2604.359375
30,430000,2604.359375
30,440000,2604.359375
30,450000,2604.359375
30,460000,2604.359375
30,470000,2604.359375
30,480000,2604.359375
30,490000,2604.359375
30,500000,2604.359375
30,510000,2604.359375
30,520000,2604.359375
30,530000,2604.359375
30,540000,2604.359375
30,550000,2604.359375
30,560000,2604.359375
30,570000,2604.359375
30,580000,2604.359375
30,590000,2604.359375
30,600000,2604.359375
30,610000,2604.359375
30,620000,2604.359375
30,630000,2604.359375
30,640000,2604.359375
30,650000,2642.4296875
30,660000,2642.4296875
30,670000,2642.4296875
30,680000,2596.6953125
30,690000,2596.6953125
30,700000,2596.6953125
30,710000,2596.6953125
30,720000,2596.6953125
30,730000,2596.6953125
30,740000,2596.6953125
30,750000,2596.6953125
30,760000,2596.6953125
30,770000,2596.6953125
30,780000,2603.44140625
30,790000,2603.44140625
30,800000,2603.44140625
30,810000,2603.44140625
30,820000,2603.44140625
30,830000,2603.44140625
30,840000,2603.44140625
30,850000,2603.44140625
30,860000,2603.44140625
30,870000,2603.44140625
30,880000,2603.44140625
30,890000,2603.44140625
30,900000,2603.44140625
30,910000,2603.44140625
30,920000,2603.44140625
30,930000,2633.69921875
30,940000,2633.69921875
30,950000,2595.9765625
30,960000,2595.9765625
30,970000,2595.9765625
30,980000,2686.72265625
30,990000,2686.72265625
30,1000000,2686.72265625
31,0,1351.21875
31,10000,1744.39453125
31,20000,1985.45703125
31,30000,2428.1171875
31,40000,2550.28125
31,50000,2550.28125
31,60000,2509.1171875
31,70000,2509.1171875
31,80000,2527.625
31,90000,2645.4921875
31,100000,2645.4921875
31,110000,2645.4921875
31,120000,2607.37890625
31,130000,2607.37890625
31,140000,2607.37890625
31,150000,2607.37890625
31,160000,2607.37890625
31,170000,2607.37890625
31,180000,2607.37890625
31,190000,2607.37890625
31,200000,2607.37890625
31,210000,2607.37890625
31,220000,2607.37890625
31,230000,2607.37890625
31,240000,2607.37890625
31,250000,2607.37890625
31,260000,2607.37890625
31,270000,2607.37890625
31,280000,2607.37890625
31,290000,2607.37890625
31,300000,2607.37890625
31,310000,2607.37890625
31,320000,2668.375
31,330000,2668.375
31,340000,2668.375
31,350000,2668.375
31,360000,2668.375
31,370000,2628.328125
31,380000,2628.328125
31,390000,2628.328125
31,400000,2628.328125
31,410000,2628.328125
31,420000,2628.328125
31,430000,2628.328125
31,440000,2628.328125
31,450000,2628.328125
31,460000,2628.328125
31,470000,2628.328125
31,480000,2628.328125
31,490000,2628.328125
31,500000,2628.328125
31,510000,2628.328125
31,520000,2628.328125
31,530000,2628.328125
31,540000,2628.328125
31,550000,2628.328125
31,560000,2628.328125
31,570000,2628.328125
31,580000,2628.328125
31,590000,2628.328125
31,600000,2638.70703125
31,610000,2638.70703125
31,620000,2638.70703125
31,630000,2638.70703125
31,640000,2638.70703125
31,650000,2677.40625
31,660000,2677.40625
31,670000,2677.40625
31,680000,2677.40625
31,690000,2677.40625
31,700000,2632.22265625
31,710000,2633.22265625
31,720000,2633.22265625
31,730000,2633.22265625
31,740000,2633.22265625
31,750000,2633.22265625
31,760000,2633.22265625
31,770000,2633.22265625
31,780000,2633.22265625
31,790000,2633.22265625
31,800000,2633.22265625
31,810000,2633.22265625
31,820000,2633.22265625
31,830000,2633.22265625
31,840000,2633.22265625
31,850000,2633.22265625
31,860000,2633.22265625
31,870000,2633.22265625
31,880000,2633.22265625
31,890000,2633.22265625
31,900000,2633.22265625
31,910000,2633.22265625
31,920000,2633.22265625
31,930000,2649.32421875
31,940000,2649.32421875
31,950000,2649.32421875
31,960000,2649.32421875
31,970000,2649.32421875
31,980000,2706.58203125
31,990000,2706.58203125
31,1000000,2706.58203125
32,0,1333.89453125
32,10000,1708.09765625
32,20000,1958.7578125
32,30000,2403.69140625
32,40000,2526.6640625
32,50000,2526.6640625
32,60000,2526.6640625
32,70000,2485.31640625
32,80000,2485.31640625
32,90000,2485.31640625
32,100000,2485.31640625
32,110000,2499.88671875
32,120000,2499.88671875
32,130000,2499.88671875
32,140000,2499.88671875
32,150000,2499.88671875
32,160000,2499.88671875
32,170000,2503.515625
32,180000,2503.515625
32,190000,2503.515625
32,200000,2503.515625
32,210000,2503.515625
32,220000,2503.515625
32,230000,2503.515625
32,240000,2503.515625
32,250000,2503.515625
32,260000,2514.15625
32,270000,2563.5390625
32,280000,2563.5390625
32,290000,2486.40234375
32,300000,2486.40234375
32,310000,2510.1015625
32,320000,2660.11328125
32,330000,2660.11328125
32,340000,2549.84375
32,350000,2549.84375
32,360000,2549.84375
32,370000,2633.51953125
32,380000,2633.51953125
32,390000,2633.51953125
32,400000,2596.015625
32,410000,2596.015625
32,420000,2596.015625
32,430000,2596.015625
32,440000,2596.015625
32,450000,2596.015625
32,460000,2596.015625
32,470000,2596.015625
32,480000,2596.015625
32,490000,2596.015625
32,500000,2596.015625
32,510000,2596.015625
32,520000,2596.015625
32,530000,2596.015625
32,540000,2596.015625
32,550000,2656.85546875
32,560000,2656.85546875
32,570000,2656.85546875
32,580000,2596.6328125
32,590000,2596.6328125
32,600000,2596.6328125
32,610000,2596.6328125
32,620000,2596.6328125
32,630000,2596.6328125
32,640000,2596.6328125
32,650000,2596.6328125
32,660000,2596.6328125
32,670000,2597.6328125
32,680000,2597.6328125
32,690000,2597.6328125
32,700000,2597.6328125
32,710000,2597.6328125
32,720000,2597.6328125
32,730000,2597.6328125
32,740000,2597.6328125
32,750000,2597.6328125
32,760000,2597.6328125
32,770000,2597.6328125
32,780000,2627.47265625
32,790000,2627.47265625
32,800000,2627.47265625
32,810000,2627.47265625
32,820000,2627.47265625
32,830000,2649.703125
32,840000,2649.703125
32,850000,2649.703125
32,860000,2612.3671875
32,870000,2612.3671875
32,880000,2612.3671875
32,890000,2612.3671875
32,900000,2612.3671875
32,910000,2612.3671875
32,920000,2612.3671875
32,930000,2612.3671875
32,940000,2612.3671875
32,950000,2612.3671875
32,960000,2612.3671875
32,970000,2612.3671875
32,980000,2612.3671875
32,990000,2612.3671875
32,1000000,2612.3671875
33,0,1355.17578125
33,10000,1753.2734375
33,20000,1993.578125
33,30000,2439.3125
33,40000,2554.28125
33,50000,2554.28125
33,60000,2513.4140625
33,70000,2513.4140625
33,80000,2527.9453125
33,90000,2631.7578125
33,100000,2631.7578125
33,110000,2631.7578125
33,120000,2586.41796875
33,130000,2586.41796875
33,140000,2586.41796875
33,150000,2586.41796875
33,160000,2586.41796875
33,170000,2586.41796875
33,180000,2586.41796875
33,190000,2586.41796875
33,200000,2586.41796875
33,210000,2586.41796875
33,220000,2586.41796875
33,230000,2586.41796875
33,240000,2586.41796875
33,250000,2586.41796875
33,260000,2586.41796875
33,270000,2586.41796875
33,280000,2586.41796875
33,290000,2586.41796875
33,300000,2586.41796875
33,310000,2586.41796875
33,320000,2586.41796875
33,330000,2586.41796875
33,340000,2586.41796875
33,350000,2586.41796875
33,360000,2586.41796875
33,370000,2665.4296875
33,380000,2665.4296875
33,390000,2665.4296875
33,400000,2623.87890625
33,410000,2623.87890625
33,420000,2623.87890625
33,430000,2623.87890625
33,440000,2623.87890625
33,450000,2623.87890625
33,460000,2623.87890625
33,470000,2623.87890625
33,480000,2623.87890625
33,490000,2623.87890625
33,500000,2623.87890625
33,510000,2623.87890625
33,520000,2623.87890625
33,530000,2623.87890625
33,540000,2623.87890625
33,550000,2623.87890625
33,560000,2623.87890625
33,570000,2623.87890625
33,580000,2623.87890625
33,590000,2623.87890625
33,600000,2639.42578125
33,610000,2639.42578125
33,620000,2639.42578125
33,630000,2639.42578125
33,640000,2639.42578125
33,650000,2669.4375
33,660000,2669.4375
33,670000,2669.4375
33,680000,2609.66015625
33,690000,2609.66015625
33,700000,2609.66015625
33,710000,2609.66015625
33,720000,2609.66015625
33,730000,2609.66015625
33,740000,2609.66015625
33,750000,2609.66015625
33,760000,2609.66015625
33,770000,2609.66015625
33,780000,2640.2421875
33,790000,2640.2421875
33,800000,2640.2421875
33,810000,2640.2421875
33,820000,2640.2421875
33,830000,2640.2421875
33,840000,2640.2421875
33,850000,2640.2421875
33,860000,2640.2421875
33,870000,2640.2421875
33,880000,2640.2421875
33,890000,2640.2421875
33,900000,2640.2421875
33,910000,2640.2421875
33,920000,2640.2421875
33,930000,2640.2421875
33,940000,2640.2421875
33,950000,2640.2421875
33,960000,2640.2421875
33,970000,2640.2421875
33,980000,2701.25
33,990000,2701.25
33,1000000,2701.25
34,0,1329.734375
34,10000,1714.42578125
34,20000,1971.49609375
34,30000,2422.07421875
34,40000,2522.01171875
34,50000,2522.01171875
34,60000,2522.01171875
34,70000,2480.2734375
34,80000,2480.2734375
34,90000,2480.2734375
34,100000,2480.2734375
34,110000,2495.83984375
34,120000,2495.83984375
34,130000,2495.83984375
34,140000,2495.83984375
34,150000,2495.83984375
34,160000,2495.83984375
34,170000,2526.52734375
34,180000,2526.52734375
34,190000,2526.52734375
34,200000,2526.52734375
34,210000,2526.52734375
34,220000,2479.93359375
34,230000,2479.93359375
34,240000,2479.93359375
34,250000,2479.93359375
34,260000,2488.05078125
34,270000,2546.17578125
34,280000,2546.17578125
34,290000,2546.17578125
34,300000,2546.17578125
34,310000,2546.17578125
34,320000,2633.46875
34,330000,2633.46875
34,340000,2633.46875
34,350000,2538.671875
34,360000,2538.671875
34,370000,2538.671875
34,380000,2538.671875
34,390000,2538.671875
34,400000,2538.671875
34,410000,2538.671875
34,420000,2538.671875
34,430000,2538.671875
34,440000,2538.671875
34,450000,2553.17578125
34,460000,2553.17578125
34,470000,2515.796875
34,480000,2515.796875
34,490000,2515.796875
34,500000,2530.58984375
34,510000,2530.58984375
34,520000,2530.58984375
34,530000,2530.58984375
34,540000,2530.58984375
34,550000,2538.12890625
34,560000,2538.12890625
34,570000,2538.12890625
34,580000,2538.12890625
34,590000,2538.12890625
34,600000,2590.92578125
34,610000,2590.92578125
34,620000,2590.92578125
34,630000,2590.92578125
34,640000,2590.92578125
34,650000,2640.296875
34,660000,2640.296875
34,670000,2640.296875
34,680000,2559.63671875
34,690000,2559.63671875
34,700000,2559.63671875
34,710000,2559.63671875
34,720000,2559.63671875
34,730000,2514.7578125
34,740000,2514.7578125
34,750000,2514.7578125
34,760000,2514.7578125
34,770000,2533.56640625
34,780000,2571.390625
34,790000,2571.390625
34,800000,2514.09765625
34,810000,2514.09765625
34,820000,2514.09765625
34,830000,2535.44140625
34,840000,2535.44140625
34,850000,2535.44140625
34,860000,2535.44140625
34,870000,2535.44140625
34,880000,2581.7109375
34,890000,2581.7109375
34,900000,2581.7109375
34,910000,2581.7109375
34,920000,2581.7109375
34,930000,2657.49609375
34,940000,2657.49609375
34,950000,2657.49609375
34,960000,2550.7890625
34,970000,2550.7890625
34,980000,2550.7890625
34,990000,2550.7890625
34,1000000,2550.7890625
35,0,1347.0078125
35,10000,1737.05859375
35,20000,1972.15234375
35,30000,2417.66796875
35,40000,2532.5
35,50000,2532.5
35,60000,2490.6328125
35,70000,2490.6328125
35,80000,2505.5390625
35,90000,2638.5546875
35,100000,2638.5546875
35,110000,2638.5546875
35,120000,2638.5546875
35,130000,2638.5546875
35,140000,2638.5546875
35,150000,2638.5546875
35,160000,2638.5546875
35,170000,2638.5546875
35,180000,2638.5546875
35,190000,2638.5546875
35,200000,2638.5546875
35,210000,2638.5546875
35,220000,2638.5546875
35,230000,2638.5546875
35,240000,2638.5546875
35,250000,2638.5546875
35,260000,2638.5546875
35,270000,2638.5546875
35,280000,2638.5546875
35,290000,2638.5546875
35,300000,2638.5546875
35,310000,2638.5546875
35,320000,2653.56640625
35,330000,2653.56640625
35,340000,2653.56640625
35,350000,2608.08984375
35,360000,2608.08984375
35,370000,2608.08984375
35,380000,2608.08984375
35,390000,2608.08984375
35,400000,2608.08984375
35,410000,2608.08984375
35,420000,2608.08984375
35,430000,2608.08984375
35,440000,2608.08984375
35,450000,2608.08984375
35,460000,2608.08984375
35,470000,2608.08984375
35,480000,2608.08984375
35,490000,2608.08984375
35,500000,2608.08984375
35,510000,2608.08984375
35,520000,2608.08984375
35,530000,2608.08984375
35,540000,2608.08984375
35,550000,2622.58984375
35,560000,2622.58984375
35,570000,2622.58984375
35,580000,2622.58984375
35,590000,2622.58984375
35,600000,2637.5390625
35,610000,2637.5390625
35,620000,2637.5390625
35,630000,2637.5390625
35,640000,2637.5390625
35,650000,2644.640625
35,660000,2644.640625
35,670000,2644.640625
35,680000,2607.16796875
35,690000,2607.16796875
35,700000,2607.16796875
35,710000,2607.16796875
35,720000,2607.16796875
35,730000,2607.16796875
35,740000,2607.16796875
35,750000,2607.16796875
35,760000,2607.16796875
35,770000,2607.16796875
35,780000,2621.6796875
35,790000,2621.6796875
35,800000,2621.6796875
35,810000,2621.6796875
35,820000,2621.6796875
35,830000,2621.6796875
35,840000,2621.6796875
35,850000,2621.6796875
35,860000,2621.6796875
35,870000,2621.6796875
35,880000,2621.6796875
35,890000,2621.6796875
35,900000,2621.6796875
35,910000,2621.6796875
35,920000,2621.6796875
35,930000,2636.0546875
35,940000,2636.0546875
35,950000,2636.0546875
35,960000,2636.0546875
35,970000,2636.0546875
35,980000,2667.15234375
35,990000,2667.15234375
35,1000000,2667.15234375
36,0,1349.3984375
36,10000,1734.16015625
36,20000,2009.0859375
36,30000,2453.7265625
36,40000,2590.77734375
36,50000,2590.77734375
36,60000,2548.95703125
36,70000,2548.95703125
36,80000,2548.95703125
36,90000,2648.38671875
36,100000,2648.38671875
36,110000,2648.38671875
36,120000,2611.11328125
36,130000,2611.11328125
36,140000,2611.11328125
36,150000,2611.11328125
36,160000,2611.11328125
36,170000,2611.11328125
36,180000,2611.11328125
36,190000,2611.11328125
36,200000,2611.11328125
36,210000,2611.11328125
36,220000,2611.11328125
36,230000,2611.11328125
36,240000,2569.77734375
36,250000,2569.77734375
36,260000,2569.77734375
36,270000,2584.13671875
36,280000,2584.13671875
36,290000,2584.13671875
36,300000,2584.13671875
36,310000,2584.13671875
36,320000,2662.703125
36,330000,2662.703125
36,340000,2662.703125
36,350000,2550.09765625
36,360000,2550.09765625
36,370000,2550.09765625
36,380000,2550.09765625
36,390000,2550.09765625
36,400000,2550.09765625
36,410000,2550.09765625
36,420000,2550.09765625
36,430000,2550.09765625
36,440000,2550.09765625
36,450000,2587.5625
36,460000,2587.5625
36,470000,2549.5234375
36,480000,2549.5234375
36,490000,2549.5234375
36,500000,2563.9921875
36,510000,2563.9921875
36,520000,2563.9921875
36,530000,2563.9921875
36,540000,2563.9921875
36,550000,2601.328125
36,560000,2601.328125
36,570000,2601.328125
36,580000,2601.328125
36,590000,2601.328125
36,600000,2642.45703125
36,610000,2642.45703125
36,620000,2562.41796875
36,630000,2562.41796875
36,640000,2562.41796875
36,650000,2692.25390625
36,660000,2692.25390625
36,670000,2692.25390625
36,680000,2692.25390625
36,690000,2692.25390625
36,700000,2589.859375
36,710000,2589.859375
36,720000,2589.859375
36,730000,2548.15625
36,740000,2548.15625
36,750000,2548.15625
36,760000,2548.15625
36,770000,2548.15625
36,780000,2585.36328125
36,790000,2585.36328125
36,800000,2547.3828125
36,810000,2547.3828125
36,820000,2561.8515625
36,830000,2615.1875
36,840000,2615.1875
36,850000,2615.1875
36,860000,2615.1875
36,870000,2615.1875
36,880000,2690.98046875
36,890000,2690.98046875
36,900000,2690.98046875
36,910000,2584.7578125
36,920000,2584.7578125
36,930000,2546.54296875
36,940000,2546.54296875
36,950000,2561.01171875
36,960000,2561.01171875
36,970000,2561.01171875
36,980000,2561.01171875
36,990000,2561.01171875
36,1000000,2561.01171875
37,0,1323.4453125
37,10000,1706.453125
37,20000,1959.94921875
37,30000,2406.56640625
37,40000,2528.81640625
37,50000,2528.81640625
37,60000,2487.015625
37,70000,2487.015625
37,80000,2512.83984375
37,90000,2630.8671875
37,100000,2630.8671875
37,110000,2630.8671875
37,120000,2630.8671875
37,130000,2630.8671875
37,140000,2630.8671875
37,150000,2630.8671875
37,160000,2630.8671875
37,170000,2630.8671875
37,180000,2630.8671875
37,190000,2630.8671875
37,200000,2630.8671875
37,210000,2630.8671875
37,220000,2630.8671875
37,230000,2630.8671875
37,240000,2630.8671875
37,250000,2630.8671875
37,260000,2630.8671875
37,270000,2630.8671875
37,280000,2630.8671875
37,290000,2630.8671875
37,300000,2630.8671875
37,310000,2630.8671875
37,320000,2630.8671875
37,330000,2630.8671875
37,340000,2630.8671875
37,350000,2630.8671875
37,360000,2630.8671875
37,370000,2656.6875
37,380000,2656.6875
37,390000,2656.6875
37,400000,2615.8046875
37,410000,2615.8046875
37,420000,2615.8046875
37,430000,2615.8046875
37,440000,2615.8046875
37,450000,2615.8046875
37,460000,2615.8046875
37,470000,2615.8046875
37,480000,2615.8046875
37,490000,2615.8046875
37,500000,2615.8046875
37,510000,2615.8046875
37,520000,2615.8046875
37,530000,2615.8046875
37,540000,2615.8046875
37,550000,2615.8046875
37,560000,2615.8046875
37,570000,2615.8046875
37,580000,2615.8046875
37,590000,2615.8046875
37,600000,2615.8046875
37,610000,2615.8046875
37,620000,2615.8046875
37,630000,2615.8046875
37,640000,2615.8046875
37,650000,2615.8046875
37,660000,2615.8046875
37,670000,2615.8046875
37,680000,2615.8046875
37,690000,2615.8046875
37,700000,2639.62890625
37,710000,2639.62890625
37,720000,2639.62890625
37,730000,2601.5390625
37,740000,2601.5390625
37,750000,2601.5390625
37,760000,2601.5390625
37,770000,2601.5390625
37,780000,2601.5390625
37,790000,2601.5390625
37,800000,2601.5390625
37,810000,2601.5390625
37,820000,2601.5390625
37,830000,2601.5390625
37,840000,2601.5390625
37,850000,2601.5390625
37,860000,2601.5390625
37,870000,2601.5390625
37,880000,2601.5390625
37,890000,2601.5390625
37,900000,2601.5390625
37,910000,2601.5390625
37,920000,2601.5390625
37,930000,2615.93359375
37,940000,2615.93359375
37,950000,2615.93359375
37,960000,2615.93359375
37,970000,2615.93359375
37,980000,2654.0390625
37,990000,2654.0390625
37,1000000,2654.0390625
38,0,1264.23828125
38,10000,1631.71484375
38,20000,1912.0859375
38,30000,2353.56640625
38,40000,2490.69140625
38,50000,2490.69140625
38,60000,2449.74609375
38,70000,2449.74609375
38,80000,2449.74609375
38,90000,2541.14453125
38,100000,2541.14453125
38,110000,2541.14453125
38,120000,2434.36328125
38,130000,2434.36328125
38,140000,2434.36328125
38,150000,2434.36328125
38,160000,2434.36328125
38,170000,2434.36328125
38,180000,2434.36328125
38,190000,2434.36328125
38,200000,2434.36328125
38,210000,2434.36328125
38,220000,2464.0703125
38,230000,2464.0703125
38,240000,2464.0703125
38,250000,2464.0703125
38,260000,2464.0703125
38,270000,2463.3828125
38,280000,2463.3828125
38,290000,2463.3828125
38,300000,2463.3828125
38,310000,2463.3828125
38,320000,2546.6484375
38,330000,2546.6484375
38,340000,2546.6484375
38,350000,2546.6484375
38,360000,2546.6484375
38,370000,2546.6484375
38,380000,2546.6484375
38,390000,2546.6484375
38,400000,2546.6484375
38,410000,2546.6484375
38,420000,2546.6484375
38,430000,2546.6484375
38,440000,2546.6484375
38,450000,2546.6484375
38,460000,2546.6484375
38,470000,2546.6484375
38,480000,2546.6484375
38,490000,2546.6484375
38,500000,2546.6484375
38,510000,2546.6484375
38,520000,2546.6484375
38,530000,2546.6484375
38,540000,2546.6484375
38,550000,2546.6484375
38,560000,2546.6484375
38,570000,2546.6484375
38,580000,2546.6484375
38,590000,2546.6484375
38,600000,2546.6484375
38,610000,2546.6484375
38,620000,2546.6484375
38,630000,2546.6484375
38,640000,2546.6484375
38,650000,2576.8125
38,660000,2576.8125
38,670000,2576.8125
38,680000,2517.078125
38,690000,2517.078125
38,700000,2517.078125
38,710000,2517.078125
38,720000,2517.078125
38,730000,2518.078125
38,740000,2518.078125
38,750000,2518.078125
38,760000,2518.078125
38,770000,2518.078125
38,780000,2532.26171875
38,790000,2532.26171875
38,800000,2532.26171875
38,810000,2532.26171875
38,820000,2532.26171875
38,830000,2532.26171875
38,840000,2532.26171875
38,850000,2532.26171875
38,860000,2532.26171875
38,870000,2532.26171875
38,880000,2532.26171875
38,890000,2532.26171875
38,900000,2532.26171875
38,910000,2532.26171875
38,920000,2532.26171875
38,930000,2547.26171875
38,940000,2547.26171875
38,950000,2547.26171875
38,960000,2547.26171875
38,970000,2547.26171875
38,980000,2588.7421875
38,990000,2588.7421875
38,1000000,2588.7421875
39,0,1323.71484375
39,10000,1702.80859375
39,20000,1970.94921875
39,30000,2419.33984375
39,40000,2533.3125
39,50000,2533.3125
39,60000,2492.87109375
39,70000,2492.87109375
39,80000,2495.8046875
39,90000,2614.1875
39,100000,2614.1875
39,110000,2614.1875
39,120000,2614.1875
39,130000,2614.1875
39,140000,2614.1875
39,150000,2614.1875
39,160000,2614.1875
39,170000,2614.1875
39,180000,2614.1875
39,190000,2614.1875
39,200000,2614.1875
39,210000,2614.1875
39,220000,2614.1875
39,230000,2614.1875
39,240000,2614.1875
39,250000,2614.1875
39,260000,2614.1875
39,270000,2614.1875
39,280000,2614.1875
39,290000,2614.1875
39,300000,2614.1875
39,310000,2614.1875
39,320000,2628.703125
39,330000,2628.703125
39,340000,2628.703125
39,350000,2628.703125
39,360000,2628.703125
39,370000,2583.91015625
39,380000,2583.91015625
39,390000,2583.91015625
39,400000,2583.91015625
39,410000,2583.91015625
39,420000,2583.91015625
39,430000,2583.91015625
39,440000,2583.91015625
39,450000,2583.91015625
39,460000,2583.91015625
39,470000,2583.91015625
39,480000,2583.91015625
39,490000,2583.91015625
39,500000,2583.91015625
39,510000,2583.91015625
39,520000,2583.91015625
39,530000,2583.91015625
39,540000,2583.91015625
39,550000,2613.90625
39,560000,2613.90625
39,570000,2613.90625
39,580000,2613.90625
39,590000,2613.90625
39,600000,2613.5078125
39,610000,2613.5078125
39,620000,2613.5078125
39,630000,2613.5078125
39,640000,2613.5078125
39,650000,2674.05078125
39,660000,2674.05078125
39,670000,2674.05078125
39,680000,2582.4453125
39,690000,2582.4453125
39,700000,2582.4453125
39,710000,2582.4453125
39,720000,2582.4453125
39,730000,2582.4453125
39,740000,2582.4453125
39,750000,2582.4453125
39,760000,2582.4453125
39,770000,2582.4453125
39,780000,2604.44140625
39,790000,2604.44140625
39,800000,2604.44140625
39,810000,2604.44140625
39,820000,2604.44140625
39,830000,2604.44140625
39,840000,2604.44140625
39,850000,2604.44140625
39,860000,2604.44140625
39,870000,2604.44140625
39,880000,2611.6328125
39,890000,2611.6328125
39,900000,2611.6328125
39,910000,2611.6328125
39,920000,2611.6328125
39,930000,2680.921875
39,940000,2680.921875
39,950000,2680.921875
39,960000,2581.67578125
39,970000,2581.67578125
39,980000,2581.67578125
39,990000,2581.67578125
39,1000000,2581.67578125
