{
    "version": "4.0.0",
    "parameter_list": {
        "endocount": {
            "original_value": "1000",
            "values": [
                10,
                10,
                10,
                10,
                10,
                100,
                100,
                100,
                100,
                100,
                500,
                500,
                500,
                500,
                500,
                1000,
                1000,
                1000,
                1000,
                1000,
                2000,
                2000,
                2000,
                2000,
                2000,
                3000,
                3000,
                3000,
                3000,
                3000,
                4000,
                4000,
                4000,
                4000,
                4000,
                5000,
                5000,
                5000,
                5000,
                5000
            ]
        }
    }
}